trip_name,counts
Harry Bridges Plaza (Ferry Building) - 2nd at Townsend,4990
San Francisco Caltrain (Townsend at 4th) - Temporary Transbay Terminal (Howard at Beale),4317
San Francisco Caltrain 2 (330 Townsend) - Townsend at 7th,4252
Steuart at Market - 2nd at Townsend,4171
Harry Bridges Plaza (Ferry Building) - Embarcadero at Sansome,3797
San Francisco Caltrain (Townsend at 4th) - Embarcadero at Folsom,3722
Market at Sansome - 2nd at South Park,3500
San Francisco Caltrain (Townsend at 4th) - Harry Bridges Plaza (Ferry Building),3465
Steuart at Market - Embarcadero at Sansome,3197
San Francisco Caltrain (Townsend at 4th) - Steuart at Market,3153
San Francisco Caltrain (Townsend at 4th) - Market at Sansome,3119
Mountain View Caltrain Station - Mountain View City Hall,2992
Civic Center BART (7th at Market) - Townsend at 7th,2980
San Francisco Caltrain (Townsend at 4th) - Howard at 2nd,2935
San Francisco Caltrain 2 (330 Townsend) - Market at 10th,2854
Powell Street BART - San Francisco Caltrain 2 (330 Townsend),2678
San Francisco Caltrain 2 (330 Townsend) - 5th at Howard,2596
Temporary Transbay Terminal (Howard at Beale) - 2nd at Townsend,2362
San Francisco Caltrain 2 (330 Townsend) - Embarcadero at Folsom,2344
San Francisco Caltrain 2 (330 Townsend) - Howard at 2nd,2302
San Francisco Caltrain (Townsend at 4th) - Davis at Jackson,2105
San Jose Diridon Caltrain Station - Santa Clara at Almaden,2019
San Francisco Caltrain 2 (330 Townsend) - Steuart at Market,1969
Harry Bridges Plaza (Ferry Building) - San Francisco Caltrain (Townsend at 4th),1949
San Francisco Caltrain 2 (330 Townsend) - Temporary Transbay Terminal (Howard at Beale),1947
San Francisco Caltrain (Townsend at 4th) - Beale at Market,1855
San Francisco Caltrain 2 (330 Townsend) - Market at Sansome,1850
San Francisco Caltrain (Townsend at 4th) - Yerba Buena Center of the Arts (3rd @ Howard),1840
Embarcadero at Bryant - San Francisco Caltrain (Townsend at 4th),1809
Townsend at 7th - San Francisco Caltrain 2 (330 Townsend),1772
San Francisco Caltrain 2 (330 Townsend) - Harry Bridges Plaza (Ferry Building),1737
Market at Sansome - 2nd at Townsend,1697
2nd at Townsend - San Francisco Caltrain (Townsend at 4th),1663
San Francisco Caltrain (Townsend at 4th) - Market at 10th,1652
San Francisco Caltrain (Townsend at 4th) - Clay at Battery,1629
San Francisco Caltrain (Townsend at 4th) - Townsend at 7th,1581
San Francisco Caltrain (Townsend at 4th) - Embarcadero at Vallejo,1572
Temporary Transbay Terminal (Howard at Beale) - 5th at Howard,1543
Market at 10th - Market at 4th,1520
Grant Avenue at Columbus Avenue - Embarcadero at Folsom,1464
Mountain View Caltrain Station - Castro Street and El Camino Real,1459
Temporary Transbay Terminal (Howard at Beale) - Townsend at 7th,1446
Temporary Transbay Terminal (Howard at Beale) - Commercial at Montgomery,1401
Beale at Market - Broadway St at Battery St,1400
Townsend at 7th - San Francisco Caltrain (Townsend at 4th),1398
Temporary Transbay Terminal (Howard at Beale) - Broadway St at Battery St,1385
San Francisco Caltrain (Townsend at 4th) - Mechanics Plaza (Market at Battery),1372
Harry Bridges Plaza (Ferry Building) - 2nd at South Park,1367
Harry Bridges Plaza (Ferry Building) - Townsend at 7th,1362
San Francisco Caltrain (Townsend at 4th) - 2nd at Folsom,1329
Temporary Transbay Terminal (Howard at Beale) - San Francisco Caltrain (Townsend at 4th),1319
Steuart at Market - San Francisco Caltrain (Townsend at 4th),1316
Grant Avenue at Columbus Avenue - San Francisco Caltrain (Townsend at 4th),1299
Grant Avenue at Columbus Avenue - Market at Sansome,1298
2nd at Townsend - Harry Bridges Plaza (Ferry Building),1234
Market at 10th - San Francisco Caltrain (Townsend at 4th),1220
San Jose Diridon Caltrain Station - San Pedro Square,1216
Market at 4th - San Francisco Caltrain (Townsend at 4th),1185
Steuart at Market - Townsend at 7th,1175
Temporary Transbay Terminal (Howard at Beale) - Embarcadero at Vallejo,1171
San Antonio Caltrain Station - San Antonio Shopping Center,1160
Embarcadero at Sansome - Steuart at Market,1159
Temporary Transbay Terminal (Howard at Beale) - Market at 4th,1118
2nd at Townsend - Steuart at Market,1056
2nd at South Park - San Francisco Caltrain (Townsend at 4th),1055
Powell Street BART - San Francisco Caltrain (Townsend at 4th),1049
San Francisco Caltrain (Townsend at 4th) - Commercial at Montgomery,1048
Harry Bridges Plaza (Ferry Building) - Market at Sansome,1041
San Francisco Caltrain 2 (330 Townsend) - Powell Street BART,1039
Steuart at Market - Embarcadero at Vallejo,1038
Market at 10th - San Francisco Caltrain 2 (330 Townsend),1019
2nd at Folsom - San Francisco Caltrain (Townsend at 4th),1019
Embarcadero at Sansome - Temporary Transbay Terminal (Howard at Beale),1011
South Van Ness at Market - Market at Sansome,999
San Francisco Caltrain 2 (330 Townsend) - Yerba Buena Center of the Arts (3rd @ Howard),999
Harry Bridges Plaza (Ferry Building) - Howard at 2nd,977
Temporary Transbay Terminal (Howard at Beale) - 2nd at South Park,970
San Francisco Caltrain (Townsend at 4th) - Embarcadero at Sansome,962
San Francisco Caltrain 2 (330 Townsend) - Davis at Jackson,957
Embarcadero at Sansome - Harry Bridges Plaza (Ferry Building),949
Evelyn Park and Ride - Mountain View Caltrain Station,937
San Francisco Caltrain (Townsend at 4th) - Spear at Folsom,929
Market at Sansome - 2nd at Folsom,921
2nd at Townsend - Townsend at 7th,912
Embarcadero at Bryant - Embarcadero at Vallejo,912
San Francisco Caltrain 2 (330 Townsend) - 2nd at Folsom,898
Harry Bridges Plaza (Ferry Building) - 2nd at Folsom,896
Grant Avenue at Columbus Avenue - Beale at Market,896
San Francisco Caltrain (Townsend at 4th) - 5th at Howard,895
Temporary Transbay Terminal (Howard at Beale) - Clay at Battery,891
2nd at Townsend - Howard at 2nd,890
Embarcadero at Folsom - San Francisco Caltrain (Townsend at 4th),879
San Francisco Caltrain (Townsend at 4th) - Post at Kearny,870
Beale at Market - Embarcadero at Vallejo,870
Market at 10th - Market at Sansome,868
Temporary Transbay Terminal (Howard at Beale) - Embarcadero at Sansome,862
San Jose Diridon Caltrain Station - Adobe on Almaden,851
San Francisco Caltrain (Townsend at 4th) - Broadway St at Battery St,844
Beale at Market - Commercial at Montgomery,821
San Francisco Caltrain 2 (330 Townsend) - Beale at Market,816
Embarcadero at Bryant - Embarcadero at Sansome,808
Embarcadero at Bryant - Harry Bridges Plaza (Ferry Building),808
Harry Bridges Plaza (Ferry Building) - San Francisco Caltrain 2 (330 Townsend),799
Powell at Post (Union Square) - Howard at 2nd,789
Ryland Park - San Jose Diridon Caltrain Station,778
Embarcadero at Bryant - Embarcadero at Folsom,771
San Francisco Caltrain 2 (330 Townsend) - Broadway St at Battery St,761
Beale at Market - 2nd at Townsend,760
Steuart at Market - 2nd at South Park,760
Japantown - San Jose Diridon Caltrain Station,753
Beale at Market - Temporary Transbay Terminal (Howard at Beale),745
2nd at Townsend - Temporary Transbay Terminal (Howard at Beale),744
Embarcadero at Sansome - Beale at Market,740
Embarcadero at Bryant - Mechanics Plaza (Market at Battery),740
Temporary Transbay Terminal (Howard at Beale) - Market at 10th,738
Palo Alto Caltrain Station - Cowper at University,735
Embarcadero at Folsom - 2nd at Townsend,734
San Francisco Caltrain 2 (330 Townsend) - Mechanics Plaza (Market at Battery),734
Temporary Transbay Terminal (Howard at Beale) - South Van Ness at Market,733
Harry Bridges Plaza (Ferry Building) - Yerba Buena Center of the Arts (3rd @ Howard),730
Steuart at Market - Embarcadero at Folsom,727
Spear at Folsom - 2nd at Townsend,719
San Francisco Caltrain (Townsend at 4th) - South Van Ness at Market,716
Grant Avenue at Columbus Avenue - Temporary Transbay Terminal (Howard at Beale),716
San Francisco Caltrain (Townsend at 4th) - Market at 4th,714
2nd at Townsend - Embarcadero at Folsom,712
Mountain View City Hall - Mountain View Caltrain Station,700
San Francisco Caltrain 2 (330 Townsend) - South Van Ness at Market,696
Spear at Folsom - San Francisco Caltrain (Townsend at 4th),690
Grant Avenue at Columbus Avenue - Clay at Battery,689
Broadway St at Battery St - San Francisco Caltrain (Townsend at 4th),673
2nd at South Park - Market at Sansome,670
5th at Howard - San Francisco Caltrain 2 (330 Townsend),667
Embarcadero at Bryant - Commercial at Montgomery,665
Temporary Transbay Terminal (Howard at Beale) - Golden Gate at Polk,662
Howard at 2nd - San Francisco Caltrain (Townsend at 4th),662
Temporary Transbay Terminal (Howard at Beale) - Civic Center BART (7th at Market),661
Embarcadero at Sansome - Clay at Battery,657
Harry Bridges Plaza (Ferry Building) - Embarcadero at Vallejo,651
Civic Center BART (7th at Market) - South Van Ness at Market,643
San Francisco Caltrain 2 (330 Townsend) - Post at Kearny,641
Beale at Market - Embarcadero at Sansome,635
Redwood City Caltrain Station - Stanford in Redwood City,625
Golden Gate at Polk - Townsend at 7th,624
Embarcadero at Folsom - Embarcadero at Sansome,622
San Francisco Caltrain 2 (330 Townsend) - Market at 4th,614
San Jose Diridon Caltrain Station - MLK Library,611
Santa Clara at Almaden - San Jose Diridon Caltrain Station,600
Harry Bridges Plaza (Ferry Building) - 5th at Howard,599
Davis at Jackson - 2nd at Townsend,587
Powell at Post (Union Square) - San Francisco Caltrain (Townsend at 4th),579
Embarcadero at Bryant - Steuart at Market,577
Grant Avenue at Columbus Avenue - Market at 4th,573
San Francisco Caltrain 2 (330 Townsend) - Clay at Battery,569
Castro Street and El Camino Real - Mountain View Caltrain Station,569
2nd at Townsend - Clay at Battery,563
San Francisco Caltrain 2 (330 Townsend) - Commercial at Montgomery,556
2nd at Townsend - Market at Sansome,554
Broadway St at Battery St - Steuart at Market,548
Townsend at 7th - Temporary Transbay Terminal (Howard at Beale),546
Powell Street BART - Market at Sansome,544
Grant Avenue at Columbus Avenue - Steuart at Market,542
2nd at Townsend - Embarcadero at Vallejo,536
2nd at Townsend - San Francisco Caltrain 2 (330 Townsend),536
Temporary Transbay Terminal (Howard at Beale) - Mechanics Plaza (Market at Battery),535
San Francisco Caltrain (Townsend at 4th) - Powell Street BART,533
San Jose Diridon Caltrain Station - St James Park,531
Paseo de San Antonio - San Jose Diridon Caltrain Station,530
Townsend at 7th - South Van Ness at Market,529
Townsend at 7th - Howard at 2nd,522
Grant Avenue at Columbus Avenue - 2nd at Townsend,522
Steuart at Market - San Francisco Caltrain 2 (330 Townsend),522
Golden Gate at Polk - San Francisco Caltrain 2 (330 Townsend),519
Beale at Market - San Francisco Caltrain (Townsend at 4th),519
Powell Street BART - Townsend at 7th,517
2nd at Folsom - Market at Sansome,513
Harry Bridges Plaza (Ferry Building) - Mechanics Plaza (Market at Battery),512
Golden Gate at Polk - San Francisco Caltrain (Townsend at 4th),512
Embarcadero at Sansome - San Francisco Caltrain (Townsend at 4th),512
Steuart at Market - Howard at 2nd,510
San Francisco Caltrain 2 (330 Townsend) - Spear at Folsom,508
Market at 4th - San Francisco Caltrain 2 (330 Townsend),508
2nd at Townsend - Spear at Folsom,504
Spear at Folsom - Townsend at 7th,503
Harry Bridges Plaza (Ferry Building) - Temporary Transbay Terminal (Howard at Beale),503
Steuart at Market - Embarcadero at Bryant,501
South Van Ness at Market - Post at Kearny,498
San Francisco Caltrain 2 (330 Townsend) - Embarcadero at Vallejo,496
Steuart at Market - Broadway St at Battery St,496
Temporary Transbay Terminal (Howard at Beale) - San Francisco Caltrain 2 (330 Townsend),491
Beale at Market - 2nd at South Park,489
Embarcadero at Sansome - 2nd at Townsend,487
Civic Center BART (7th at Market) - San Francisco Caltrain (Townsend at 4th),485
Civic Center BART (7th at Market) - Market at Sansome,484
Embarcadero at Bryant - Clay at Battery,482
2nd at South Park - Howard at 2nd,481
Powell at Post (Union Square) - Townsend at 7th,481
Market at 10th - Post at Kearny,480
Steuart at Market - Spear at Folsom,477
Beale at Market - Spear at Folsom,476
South Van Ness at Market - Townsend at 7th,471
2nd at Townsend - 2nd at Folsom,468
Civic Center BART (7th at Market) - San Francisco Caltrain 2 (330 Townsend),467
San Jose Diridon Caltrain Station - San Jose City Hall,466
Harry Bridges Plaza (Ferry Building) - Market at 4th,465
Spear at Folsom - Commercial at Montgomery,465
Market at 10th - Mechanics Plaza (Market at Battery),462
5th at Howard - San Francisco Caltrain (Townsend at 4th),462
Davis at Jackson - San Francisco Caltrain (Townsend at 4th),462
Yerba Buena Center of the Arts (3rd @ Howard) - San Francisco Caltrain (Townsend at 4th),461
Powell at Post (Union Square) - San Francisco Caltrain 2 (330 Townsend),457
Grant Avenue at Columbus Avenue - Spear at Folsom,456
Market at 10th - Powell Street BART,445
MLK Library - San Jose Diridon Caltrain Station,444
Harry Bridges Plaza (Ferry Building) - Harry Bridges Plaza (Ferry Building),442
Howard at 2nd - 5th at Howard,434
San Francisco Caltrain 2 (330 Townsend) - Embarcadero at Sansome,434
San Francisco Caltrain 2 (330 Townsend) - Civic Center BART (7th at Market),434
Powell at Post (Union Square) - Embarcadero at Sansome,428
Grant Avenue at Columbus Avenue - Powell Street BART,425
San Francisco Caltrain (Townsend at 4th) - 2nd at Townsend,423
2nd at Folsom - Temporary Transbay Terminal (Howard at Beale),423
Civic Center BART (7th at Market) - Market at 10th,422
2nd at South Park - Embarcadero at Vallejo,422
South Van Ness at Market - Powell Street BART,420
Grant Avenue at Columbus Avenue - Commercial at Montgomery,420
Market at Sansome - San Francisco Caltrain (Townsend at 4th),420
South Van Ness at Market - Market at 4th,418
Market at 4th - Market at 10th,417
Powell Street BART - Market at 10th,415
Harry Bridges Plaza (Ferry Building) - Powell Street BART,415
Temporary Transbay Terminal (Howard at Beale) - Howard at 2nd,411
Embarcadero at Bryant - Townsend at 7th,406
San Francisco Caltrain (Townsend at 4th) - Golden Gate at Polk,406
Market at Sansome - Commercial at Montgomery,401
Townsend at 7th - 2nd at Folsom,400
Embarcadero at Sansome - Davis at Jackson,400
Market at 10th - Yerba Buena Center of the Arts (3rd @ Howard),400
Commercial at Montgomery - Yerba Buena Center of the Arts (3rd @ Howard),400
Mechanics Plaza (Market at Battery) - Commercial at Montgomery,398
Palo Alto Caltrain Station - Park at Olive,397
Golden Gate at Polk - Yerba Buena Center of the Arts (3rd @ Howard),394
Embarcadero at Sansome - Embarcadero at Folsom,389
San Francisco City Hall - San Francisco Caltrain 2 (330 Townsend),389
2nd at Folsom - Clay at Battery,384
Grant Avenue at Columbus Avenue - Mechanics Plaza (Market at Battery),384
Temporary Transbay Terminal (Howard at Beale) - Market at Sansome,380
Market at Sansome - Embarcadero at Sansome,380
San Francisco Caltrain (Townsend at 4th) - 2nd at South Park,377
Howard at 2nd - 2nd at Townsend,375
2nd at South Park - Post at Kearny,374
Civic Center BART (7th at Market) - Embarcadero at Sansome,373
South Van Ness at Market - San Francisco Caltrain (Townsend at 4th),373
Temporary Transbay Terminal (Howard at Beale) - Powell Street BART,371
Embarcadero at Sansome - Mechanics Plaza (Market at Battery),368
San Francisco Caltrain 2 (330 Townsend) - Golden Gate at Polk,366
Mechanics Plaza (Market at Battery) - Embarcadero at Folsom,364
Embarcadero at Sansome - Market at Sansome,362
Grant Avenue at Columbus Avenue - San Francisco Caltrain 2 (330 Townsend),361
San Antonio Shopping Center - San Antonio Caltrain Station,359
Cowper at University - Palo Alto Caltrain Station,358
SJSU - San Salvador at 9th - San Jose Diridon Caltrain Station,358
Civic Center BART (7th at Market) - Market at 4th,356
Harry Bridges Plaza (Ferry Building) - Market at 10th,356
Golden Gate at Polk - Market at Sansome,353
San Francisco Caltrain (Townsend at 4th) - Embarcadero at Bryant,352
Davis at Jackson - Commercial at Montgomery,352
Palo Alto Caltrain Station - California Ave Caltrain Station,351
2nd at Townsend - Davis at Jackson,350
South Van Ness at Market - Embarcadero at Sansome,350
Embarcadero at Sansome - Powell Street BART,348
Mechanics Plaza (Market at Battery) - Market at 4th,345
Powell at Post (Union Square) - Davis at Jackson,344
Temporary Transbay Terminal (Howard at Beale) - Yerba Buena Center of the Arts (3rd @ Howard),344
Howard at 2nd - 2nd at South Park,342
Davis at Jackson - Davis at Jackson,341
5th at Howard - Market at 4th,336
Washington at Kearny - Powell Street BART,335
Townsend at 7th - Market at Sansome,333
San Francisco Caltrain (Townsend at 4th) - Civic Center BART (7th at Market),333
2nd at Townsend - Beale at Market,327
Civic Center BART (7th at Market) - Steuart at Market,326
5th at Howard - Market at Sansome,325
Yerba Buena Center of the Arts (3rd @ Howard) - 5th at Howard,324
2nd at South Park - Townsend at 7th,323
Embarcadero at Bryant - San Francisco Caltrain 2 (330 Townsend),322
2nd at Folsom - 2nd at Townsend,321
Townsend at 7th - Powell Street BART,321
Rengstorff Avenue / California Street - Mountain View Caltrain Station,320
Temporary Transbay Terminal (Howard at Beale) - Grant Avenue at Columbus Avenue,320
Powell Street BART - Beale at Market,317
San Jose Diridon Caltrain Station - Paseo de San Antonio,317
Embarcadero at Sansome - Embarcadero at Sansome,316
South Van Ness at Market - Mechanics Plaza (Market at Battery),315
Grant Avenue at Columbus Avenue - Harry Bridges Plaza (Ferry Building),315
Spear at Folsom - San Francisco Caltrain 2 (330 Townsend),315
2nd at Folsom - Spear at Folsom,313
Clay at Battery - San Francisco Caltrain (Townsend at 4th),313
Embarcadero at Folsom - Townsend at 7th,311
Townsend at 7th - Harry Bridges Plaza (Ferry Building),311
Market at 10th - Townsend at 7th,310
Market at Sansome - Townsend at 7th,309
Commercial at Montgomery - Powell Street BART,305
2nd at Townsend - Broadway St at Battery St,305
2nd at Townsend - Market at 4th,303
Harry Bridges Plaza (Ferry Building) - Post at Kearny,303
2nd at South Park - San Francisco Caltrain 2 (330 Townsend),303
Powell at Post (Union Square) - Beale at Market,302
Market at 4th - Embarcadero at Sansome,302
5th at Howard - Steuart at Market,301
5th at Howard - Commercial at Montgomery,301
Santa Clara at Almaden - SJSU 4th at San Carlos,295
Harry Bridges Plaza (Ferry Building) - Embarcadero at Bryant,292
Market at Sansome - Broadway St at Battery St,291
Steuart at Market - Mechanics Plaza (Market at Battery),290
Embarcadero at Vallejo - Embarcadero at Sansome,289
Market at 4th - 5th at Howard,288
San Francisco Caltrain 2 (330 Townsend) - 2nd at South Park,288
Howard at 2nd - Market at 4th,286
Powell at Post (Union Square) - Market at 10th,286
Yerba Buena Center of the Arts (3rd @ Howard) - Market at 10th,284
Beale at Market - Davis at Jackson,282
Powell at Post (Union Square) - Market at Sansome,282
Spear at Folsom - Mechanics Plaza (Market at Battery),282
Spear at Folsom - Harry Bridges Plaza (Ferry Building),280
Grant Avenue at Columbus Avenue - Townsend at 7th,279
Market at 4th - 2nd at South Park,278
Mountain View Caltrain Station - Evelyn Park and Ride,278
Powell at Post (Union Square) - Powell at Post (Union Square),278
Clay at Battery - Powell Street BART,276
Ryland Park - Santa Clara County Civic Center,276
San Pedro Square - San Jose Diridon Caltrain Station,273
Harry Bridges Plaza (Ferry Building) - Commercial at Montgomery,272
Spear at Folsom - Embarcadero at Sansome,271
Market at 10th - Civic Center BART (7th at Market),271
Embarcadero at Sansome - Spear at Folsom,269
Golden Gate at Polk - Steuart at Market,269
Steuart at Market - Clay at Battery,267
Market at 10th - Beale at Market,266
Market at 4th - Townsend at 7th,266
Powell Street BART - 5th at Howard,265
Davis at Jackson - Embarcadero at Sansome,265
Embarcadero at Bryant - 2nd at Townsend,263
2nd at Townsend - Embarcadero at Sansome,261
Powell at Post (Union Square) - Broadway St at Battery St,261
Redwood City Caltrain Station - Redwood City Medical Center,261
Broadway St at Battery St - Mechanics Plaza (Market at Battery),259
5th at Howard - Post at Kearny,258
2nd at Townsend - Mechanics Plaza (Market at Battery),258
San Francisco Caltrain 2 (330 Townsend) - Washington at Kearny,257
Civic Center BART (7th at Market) - Beale at Market,256
Spear at Folsom - 2nd at South Park,255
Townsend at 7th - Market at 10th,254
Broadway St at Battery St - Clay at Battery,254
Embarcadero at Bryant - Temporary Transbay Terminal (Howard at Beale),253
Powell Street BART - Embarcadero at Sansome,252
Mechanics Plaza (Market at Battery) - South Van Ness at Market,252
Market at Sansome - Howard at 2nd,246
Golden Gate at Polk - Beale at Market,246
2nd at Townsend - Commercial at Montgomery,246
Golden Gate at Polk - 5th at Howard,245
5th at Howard - Market at 10th,245
Davis at Jackson - Spear at Folsom,245
Temporary Transbay Terminal (Howard at Beale) - Harry Bridges Plaza (Ferry Building),244
Golden Gate at Polk - Market at 10th,242
2nd at Folsom - Townsend at 7th,242
SJSU - San Salvador at 9th - Paseo de San Antonio,242
Embarcadero at Folsom - Embarcadero at Vallejo,241
Mechanics Plaza (Market at Battery) - Civic Center BART (7th at Market),240
Grant Avenue at Columbus Avenue - Market at 10th,239
Powell at Post (Union Square) - Mechanics Plaza (Market at Battery),239
Rengstorff Avenue / California Street - San Antonio Caltrain Station,238
Beale at Market - San Francisco Caltrain 2 (330 Townsend),238
Townsend at 7th - Post at Kearny,236
Market at 4th - Market at Sansome,236
San Jose Civic Center - San Jose Diridon Caltrain Station,236
South Van Ness at Market - Spear at Folsom,231
Grant Avenue at Columbus Avenue - 2nd at South Park,231
Powell Street BART - South Van Ness at Market,231
Howard at 2nd - Townsend at 7th,230
South Van Ness at Market - 2nd at South Park,230
Temporary Transbay Terminal (Howard at Beale) - Steuart at Market,230
Powell at Post (Union Square) - Steuart at Market,229
Powell at Post (Union Square) - Washington at Kearny,228
Powell at Post (Union Square) - Harry Bridges Plaza (Ferry Building),228
Embarcadero at Folsom - San Francisco Caltrain 2 (330 Townsend),227
Broadway St at Battery St - Beale at Market,225
Spear at Folsom - Steuart at Market,225
San Francisco Caltrain (Townsend at 4th) - Washington at Kearny,225
South Van Ness at Market - San Francisco Caltrain 2 (330 Townsend),225
San Francisco Caltrain 2 (330 Townsend) - 2nd at Townsend,223
San Salvador at 1st - MLK Library,222
Powell at Post (Union Square) - Yerba Buena Center of the Arts (3rd @ Howard),220
Market at 10th - Powell at Post (Union Square),219
St James Park - San Jose Diridon Caltrain Station,219
Market at 10th - Howard at 2nd,217
Civic Center BART (7th at Market) - Mechanics Plaza (Market at Battery),216
Powell at Post (Union Square) - 5th at Howard,215
South Van Ness at Market - Beale at Market,215
Powell at Post (Union Square) - 2nd at South Park,214
Howard at 2nd - Embarcadero at Folsom,214
Grant Avenue at Columbus Avenue - Embarcadero at Sansome,213
University and Emerson - University and Emerson,213
Embarcadero at Bryant - Broadway St at Battery St,211
Market at Sansome - Yerba Buena Center of the Arts (3rd @ Howard),210
Market at 4th - Market at 4th,208
Embarcadero at Sansome - Embarcadero at Bryant,208
Santa Clara at Almaden - Arena Green / SAP Center,208
Market at 10th - 2nd at South Park,207
Commercial at Montgomery - Market at Sansome,207
San Francisco Caltrain (Townsend at 4th) - San Francisco Caltrain (Townsend at 4th),207
Powell Street BART - Powell Street BART,205
Market at 10th - 2nd at Townsend,204
Market at 4th - Harry Bridges Plaza (Ferry Building),204
Embarcadero at Folsom - 2nd at South Park,203
5th at Howard - Embarcadero at Sansome,203
2nd at South Park - Mechanics Plaza (Market at Battery),203
Temporary Transbay Terminal (Howard at Beale) - 2nd at Folsom,202
Washington at Kearny - 2nd at South Park,200
Temporary Transbay Terminal (Howard at Beale) - Post at Kearny,198
Mechanics Plaza (Market at Battery) - Davis at Jackson,196
South Van Ness at Market - Howard at 2nd,195
Civic Center BART (7th at Market) - Golden Gate at Polk,195
2nd at Folsom - Washington at Kearny,195
2nd at Folsom - Commercial at Montgomery,194
2nd at South Park - Market at 4th,193
Mezes Park - Redwood City Caltrain Station,193
Steuart at Market - Steuart at Market,191
Townsend at 7th - Spear at Folsom,190
Howard at 2nd - Steuart at Market,190
5th at Howard - Harry Bridges Plaza (Ferry Building),190
2nd at South Park - Temporary Transbay Terminal (Howard at Beale),186
Harry Bridges Plaza (Ferry Building) - Davis at Jackson,185
Davis at Jackson - Market at 4th,183
Davis at Jackson - Market at Sansome,183
2nd at South Park - 2nd at Folsom,182
Harry Bridges Plaza (Ferry Building) - Clay at Battery,182
Civic Center BART (7th at Market) - Clay at Battery,180
2nd at Folsom - 2nd at South Park,180
Market at 10th - 2nd at Folsom,178
San Francisco City Hall - Townsend at 7th,178
Market at 10th - Commercial at Montgomery,178
Yerba Buena Center of the Arts (3rd @ Howard) - Market at Sansome,177
Yerba Buena Center of the Arts (3rd @ Howard) - Commercial at Montgomery,177
Harry Bridges Plaza (Ferry Building) - Powell at Post (Union Square),177
Golden Gate at Polk - Temporary Transbay Terminal (Howard at Beale),174
Embarcadero at Folsom - Embarcadero at Bryant,173
South Van Ness at Market - Temporary Transbay Terminal (Howard at Beale),173
Davis at Jackson - Mechanics Plaza (Market at Battery),172
Commercial at Montgomery - Davis at Jackson,171
Steuart at Market - Davis at Jackson,170
Grant Avenue at Columbus Avenue - Davis at Jackson,169
Beale at Market - Embarcadero at Bryant,169
Spear at Folsom - Market at 10th,168
2nd at Townsend - Post at Kearny,168
San Francisco Caltrain 2 (330 Townsend) - San Francisco Caltrain 2 (330 Townsend),168
Market at 10th - 5th at Howard,167
Yerba Buena Center of the Arts (3rd @ Howard) - Steuart at Market,167
Mechanics Plaza (Market at Battery) - Powell Street BART,167
Townsend at 7th - Civic Center BART (7th at Market),166
Embarcadero at Sansome - Golden Gate at Polk,165
Mechanics Plaza (Market at Battery) - Broadway St at Battery St,165
Market at 4th - South Van Ness at Market,163
Embarcadero at Folsom - Harry Bridges Plaza (Ferry Building),163
San Francisco City Hall - San Francisco Caltrain (Townsend at 4th),163
2nd at Folsom - Market at 10th,162
2nd at Townsend - 2nd at South Park,162
Market at 4th - Steuart at Market,162
Market at 10th - Steuart at Market,162
2nd at Folsom - Howard at 2nd,161
Townsend at 7th - 2nd at Townsend,161
Market at Sansome - Clay at Battery,161
Embarcadero at Folsom - Mechanics Plaza (Market at Battery),161
Steuart at Market - Yerba Buena Center of the Arts (3rd @ Howard),161
South Van Ness at Market - Yerba Buena Center of the Arts (3rd @ Howard),161
Temporary Transbay Terminal (Howard at Beale) - Davis at Jackson,160
Mechanics Plaza (Market at Battery) - Embarcadero at Sansome,160
Grant Avenue at Columbus Avenue - Civic Center BART (7th at Market),160
Clay at Battery - Mechanics Plaza (Market at Battery),160
Embarcadero at Vallejo - Steuart at Market,159
San Jose Diridon Caltrain Station - SJSU 4th at San Carlos,159
San Francisco City Hall - Market at Sansome,158
Market at 10th - Temporary Transbay Terminal (Howard at Beale),158
Civic Center BART (7th at Market) - Civic Center BART (7th at Market),157
Market at 4th - 2nd at Townsend,156
Market at Sansome - Davis at Jackson,156
Clay at Battery - Embarcadero at Sansome,156
2nd at Townsend - Yerba Buena Center of the Arts (3rd @ Howard),156
Mountain View Caltrain Station - San Antonio Shopping Center,155
2nd at Folsom - San Francisco Caltrain 2 (330 Townsend),155
Davis at Jackson - Embarcadero at Folsom,154
Civic Center BART (7th at Market) - 5th at Howard,153
South Van Ness at Market - Commercial at Montgomery,153
San Salvador at 1st - San Jose Diridon Caltrain Station,153
Grant Avenue at Columbus Avenue - Post at Kearny,152
Market at 10th - Market at 10th,151
Powell at Post (Union Square) - Post at Kearny,151
Spear at Folsom - 2nd at Folsom,150
5th at Howard - Spear at Folsom,150
San Jose Diridon Caltrain Station - San Jose Civic Center,150
Townsend at 7th - Commercial at Montgomery,150
2nd at Folsom - Embarcadero at Folsom,149
Beale at Market - Harry Bridges Plaza (Ferry Building),149
Golden Gate at Polk - Market at 4th,148
2nd at South Park - 2nd at Townsend,147
Mechanics Plaza (Market at Battery) - 2nd at Townsend,147
Embarcadero at Bryant - Beale at Market,147
Ryland Park - San Jose Civic Center,147
Powell Street BART - Mechanics Plaza (Market at Battery),147
Commercial at Montgomery - Temporary Transbay Terminal (Howard at Beale),147
Howard at 2nd - Market at 10th,146
Cowper at University - University and Emerson,146
Golden Gate at Polk - Post at Kearny,145
South Van Ness at Market - Embarcadero at Folsom,145
Townsend at 7th - Yerba Buena Center of the Arts (3rd @ Howard),145
Broadway St at Battery St - 2nd at Townsend,144
2nd at Townsend - 2nd at Townsend,142
Civic Center BART (7th at Market) - 2nd at South Park,142
South Van Ness at Market - Steuart at Market,142
Mechanics Plaza (Market at Battery) - Temporary Transbay Terminal (Howard at Beale),142
Civic Center BART (7th at Market) - Powell Street BART,140
Temporary Transbay Terminal (Howard at Beale) - Spear at Folsom,139
Market at 4th - Civic Center BART (7th at Market),139
2nd at Folsom - Yerba Buena Center of the Arts (3rd @ Howard),139
Davis at Jackson - Howard at 2nd,137
Harry Bridges Plaza (Ferry Building) - Spear at Folsom,136
2nd at Folsom - Steuart at Market,136
2nd at Folsom - Powell Street BART,136
Civic Center BART (7th at Market) - Commercial at Montgomery,136
Market at Sansome - Harry Bridges Plaza (Ferry Building),136
Powell Street BART - Harry Bridges Plaza (Ferry Building),136
5th at Howard - Howard at 2nd,135
Mechanics Plaza (Market at Battery) - Market at 10th,135
Post at Kearny - Howard at 2nd,134
Powell Street BART - Steuart at Market,134
Mountain View Caltrain Station - Mountain View Caltrain Station,134
Paseo de San Antonio - Japantown,133
Grant Avenue at Columbus Avenue - Howard at 2nd,133
Broadway St at Battery St - Spear at Folsom,132
San Francisco Caltrain (Townsend at 4th) - San Francisco City Hall,132
Powell at Post (Union Square) - Commercial at Montgomery,132
Harry Bridges Plaza (Ferry Building) - Broadway St at Battery St,131
San Francisco Caltrain 2 (330 Townsend) - Embarcadero at Bryant,129
Embarcadero at Sansome - Market at 4th,128
San Francisco City Hall - Powell Street BART,128
Market at 4th - Yerba Buena Center of the Arts (3rd @ Howard),128
San Francisco City Hall - Market at 4th,127
Davis at Jackson - Post at Kearny,127
Post at Kearny - Washington at Kearny,127
San Francisco City Hall - Mechanics Plaza (Market at Battery),127
Clay at Battery - Temporary Transbay Terminal (Howard at Beale),127
Spear at Folsom - 5th at Howard,126
Townsend at 7th - Beale at Market,126
Market at 10th - Embarcadero at Sansome,126
Spear at Folsom - Yerba Buena Center of the Arts (3rd @ Howard),126
Spear at Folsom - Howard at 2nd,125
Clay at Battery - Clay at Battery,125
Civic Center BART (7th at Market) - Temporary Transbay Terminal (Howard at Beale),125
Powell Street BART - Civic Center BART (7th at Market),124
Embarcadero at Sansome - San Francisco Caltrain 2 (330 Townsend),123
Steuart at Market - Market at 4th,121
Commercial at Montgomery - Market at 4th,121
Spear at Folsom - Embarcadero at Vallejo,121
2nd at South Park - Market at 10th,120
Commercial at Montgomery - 2nd at South Park,120
Townsend at 7th - Embarcadero at Vallejo,119
Market at 4th - Commercial at Montgomery,119
Powell at Post (Union Square) - 2nd at Folsom,118
Grant Avenue at Columbus Avenue - 2nd at Folsom,118
Steuart at Market - 5th at Howard,118
Embarcadero at Bryant - Spear at Folsom,117
2nd at South Park - Commercial at Montgomery,117
South Van Ness at Market - Civic Center BART (7th at Market),117
Embarcadero at Bryant - 2nd at Folsom,116
Powell Street BART - 2nd at Townsend,116
Golden Gate at Polk - Powell Street BART,116
Washington at Kearny - Market at Sansome,115
Embarcadero at Bryant - Embarcadero at Bryant,115
Davis at Jackson - Broadway St at Battery St,115
South Van Ness at Market - Harry Bridges Plaza (Ferry Building),115
2nd at South Park - Powell Street BART,114
Broadway St at Battery St - Embarcadero at Sansome,113
Palo Alto Caltrain Station - Palo Alto Caltrain Station,113
Davis at Jackson - Harry Bridges Plaza (Ferry Building),113
5th at Howard - Townsend at 7th,112
Temporary Transbay Terminal (Howard at Beale) - Washington at Kearny,112
Townsend at 7th - Market at 4th,111
Market at 10th - South Van Ness at Market,111
Market at Sansome - Steuart at Market,110
Embarcadero at Folsom - Market at Sansome,109
Grant Avenue at Columbus Avenue - Washington at Kearny,109
Washington at Kearny - San Francisco Caltrain 2 (330 Townsend),109
Washington at Kearny - San Francisco Caltrain (Townsend at 4th),109
Post at Kearny - Market at 10th,108
Powell at Post (Union Square) - 2nd at Townsend,108
Powell at Post (Union Square) - Powell Street BART,108
Golden Gate at Polk - Embarcadero at Vallejo,108
Market at 4th - Mechanics Plaza (Market at Battery),108
Market at Sansome - San Francisco Caltrain 2 (330 Townsend),108
Steuart at Market - Temporary Transbay Terminal (Howard at Beale),108
5th at Howard - Clay at Battery,107
Washington at Kearny - Embarcadero at Folsom,107
Embarcadero at Bryant - Howard at 2nd,106
Harry Bridges Plaza (Ferry Building) - Grant Avenue at Columbus Avenue,106
Broadway St at Battery St - Civic Center BART (7th at Market),106
2nd at South Park - Harry Bridges Plaza (Ferry Building),106
San Francisco City Hall - Post at Kearny,105
Market at 4th - Spear at Folsom,105
Clay at Battery - Spear at Folsom,105
Harry Bridges Plaza (Ferry Building) - Embarcadero at Folsom,105
San Francisco City Hall - Embarcadero at Sansome,105
Market at 4th - 2nd at Folsom,104
Market at 4th - Beale at Market,104
Market at 4th - Howard at 2nd,103
Howard at 2nd - San Francisco Caltrain 2 (330 Townsend),103
Spear at Folsom - Davis at Jackson,102
Broadway St at Battery St - Embarcadero at Folsom,102
Yerba Buena Center of the Arts (3rd @ Howard) - Grant Avenue at Columbus Avenue,102
5th at Howard - Mechanics Plaza (Market at Battery),102
2nd at South Park - Yerba Buena Center of the Arts (3rd @ Howard),102
Powell Street BART - Market at 4th,101
San Jose Civic Center - San Jose Civic Center,101
Mechanics Plaza (Market at Battery) - Embarcadero at Vallejo,101
San Francisco Caltrain 2 (330 Townsend) - Powell at Post (Union Square),101
Golden Gate at Polk - Civic Center BART (7th at Market),101
Golden Gate at Polk - Mechanics Plaza (Market at Battery),101
Steuart at Market - 2nd at Folsom,100
Spear at Folsom - Market at 4th,100
Embarcadero at Bryant - Market at Sansome,100
Embarcadero at Folsom - Broadway St at Battery St,100
5th at Howard - 5th at Howard,99
2nd at Folsom - Market at 4th,98
South Van Ness at Market - 2nd at Townsend,98
Broadway St at Battery St - Market at Sansome,98
Temporary Transbay Terminal (Howard at Beale) - Temporary Transbay Terminal (Howard at Beale),98
2nd at Folsom - 5th at Howard,97
Steuart at Market - Market at 10th,97
San Francisco City Hall - Market at 10th,97
Clay at Battery - Embarcadero at Folsom,97
Embarcadero at Vallejo - Harry Bridges Plaza (Ferry Building),97
Yerba Buena Center of the Arts (3rd @ Howard) - San Francisco Caltrain 2 (330 Townsend),97
Steuart at Market - Market at Sansome,96
Post at Kearny - Embarcadero at Sansome,96
Howard at 2nd - South Van Ness at Market,96
Post at Kearny - Market at 4th,95
Golden Gate at Polk - Embarcadero at Sansome,95
South Van Ness at Market - Embarcadero at Vallejo,95
Howard at 2nd - Civic Center BART (7th at Market),95
Embarcadero at Sansome - Howard at 2nd,94
2nd at South Park - Steuart at Market,94
Steuart at Market - Powell Street BART,94
Mezes - Redwood City Caltrain Station,94
2nd at Townsend - 5th at Howard,93
Embarcadero at Sansome - Townsend at 7th,93
Post at Kearny - 2nd at South Park,93
Spear at Folsom - Market at Sansome,93
Market at Sansome - Market at Sansome,93
Washington at Kearny - Embarcadero at Sansome,93
Golden Gate at Polk - South Van Ness at Market,93
Townsend at 7th - 5th at Howard,92
Howard at 2nd - Market at Sansome,92
Embarcadero at Sansome - Commercial at Montgomery,92
San Pedro Square - Santa Clara County Civic Center,92
San Jose City Hall - San Jose Diridon Caltrain Station,92
Civic Center BART (7th at Market) - Harry Bridges Plaza (Ferry Building),91
Beale at Market - Market at 4th,90
Washington at Kearny - Market at 10th,90
Clay at Battery - 2nd at Townsend,90
Davis at Jackson - Beale at Market,90
Yerba Buena Center of the Arts (3rd @ Howard) - Townsend at 7th,90
Davis at Jackson - 2nd at South Park,90
Mechanics Plaza (Market at Battery) - Steuart at Market,90
5th at Howard - Embarcadero at Vallejo,90
2nd at South Park - Clay at Battery,89
Redwood City Caltrain Station - San Mateo County Center,89
Golden Gate at Polk - Broadway St at Battery St,88
Grant Avenue at Columbus Avenue - Grant Avenue at Columbus Avenue,88
Market at Sansome - Market at 4th,87
Washington at Kearny - Market at 4th,87
Market at Sansome - Beale at Market,87
Golden Gate at Polk - Spear at Folsom,87
2nd at South Park - 2nd at South Park,87
Mechanics Plaza (Market at Battery) - Washington at Kearny,87
5th at Howard - South Van Ness at Market,87
5th at Howard - 2nd at Folsom,86
Ryland Park - Adobe on Almaden,86
Embarcadero at Sansome - Embarcadero at Vallejo,86
5th at Howard - Embarcadero at Folsom,85
Commercial at Montgomery - Embarcadero at Folsom,85
St James Park - SJSU 4th at San Carlos,85
South Van Ness at Market - 5th at Howard,84
Temporary Transbay Terminal (Howard at Beale) - Beale at Market,84
Clay at Battery - 2nd at South Park,84
Washington at Kearny - Washington at Kearny,83
Embarcadero at Vallejo - Embarcadero at Vallejo,83
5th at Howard - Broadway St at Battery St,83
2nd at Folsom - Grant Avenue at Columbus Avenue,83
Commercial at Montgomery - Harry Bridges Plaza (Ferry Building),83
Yerba Buena Center of the Arts (3rd @ Howard) - Yerba Buena Center of the Arts (3rd @ Howard),83
Davis at Jackson - Embarcadero at Vallejo,82
5th at Howard - Beale at Market,81
Market at 4th - Powell Street BART,81
2nd at Townsend - Embarcadero at Bryant,81
Powell at Post (Union Square) - Embarcadero at Vallejo,81
Post at Kearny - Townsend at 7th,80
Embarcadero at Bryant - Davis at Jackson,80
Market at 10th - Golden Gate at Polk,80
Civic Center BART (7th at Market) - Embarcadero at Vallejo,80
Clay at Battery - Harry Bridges Plaza (Ferry Building),80
Washington at Kearny - Harry Bridges Plaza (Ferry Building),80
Broadway St at Battery St - Harry Bridges Plaza (Ferry Building),80
Post at Kearny - San Francisco Caltrain (Townsend at 4th),80
Howard at 2nd - Yerba Buena Center of the Arts (3rd @ Howard),80
Clay at Battery - Howard at 2nd,79
Market at Sansome - Market at 10th,79
Civic Center BART (7th at Market) - Post at Kearny,79
Commercial at Montgomery - Spear at Folsom,79
Post at Kearny - Steuart at Market,79
Embarcadero at Folsom - Howard at 2nd,78
South Van Ness at Market - Market at 10th,78
Temporary Transbay Terminal (Howard at Beale) - Embarcadero at Bryant,78
Commercial at Montgomery - Embarcadero at Sansome,78
South Van Ness at Market - South Van Ness at Market,78
Market at 10th - Harry Bridges Plaza (Ferry Building),78
Post at Kearny - Davis at Jackson,77
Civic Center BART (7th at Market) - Powell at Post (Union Square),77
Beale at Market - Grant Avenue at Columbus Avenue,77
5th at Howard - Temporary Transbay Terminal (Howard at Beale),77
South Van Ness at Market - 2nd at Folsom,76
Townsend at 7th - Townsend at 7th,76
Golden Gate at Polk - 2nd at South Park,76
Civic Center BART (7th at Market) - Embarcadero at Folsom,76
San Francisco City Hall - Commercial at Montgomery,76
2nd at Townsend - Powell at Post (Union Square),76
2nd at South Park - Beale at Market,75
Washington at Kearny - Beale at Market,75
South Van Ness at Market - Post at Kearney,75
Market at 10th - Spear at Folsom,75
Temporary Transbay Terminal (Howard at Beale) - Washington at Kearney,75
Washington at Kearny - Mechanics Plaza (Market at Battery),75
Mechanics Plaza (Market at Battery) - Harry Bridges Plaza (Ferry Building),75
Davis at Jackson - Temporary Transbay Terminal (Howard at Beale),75
Powell Street BART - 2nd at Folsom,74
Powell at Post (Union Square) - Spear at Folsom,74
San Jose Diridon Caltrain Station - San Salvador at 1st,74
Market at 4th - Embarcadero at Bryant,74
Washington at Kearney - Embarcadero at Folsom,74
St James Park - Arena Green / SAP Center,74
Townsend at 7th - Steuart at Market,73
South Van Ness at Market - Broadway St at Battery St,73
Market at 4th - Grant Avenue at Columbus Avenue,73
Japantown - MLK Library,72
Clay at Battery - Market at Sansome,72
Davis at Jackson - Steuart at Market,72
Beale at Market - Powell Street BART,72
Embarcadero at Folsom - Embarcadero at Folsom,72
Temporary Transbay Terminal (Howard at Beale) - Embarcadero at Folsom,72
2nd at South Park - Powell at Post (Union Square),72
Embarcadero at Folsom - Yerba Buena Center of the Arts (3rd @ Howard),72
Harry Bridges Plaza (Ferry Building) - Post at Kearney,71
5th at Howard - Powell Street BART,71
5th at Howard - Washington at Kearny,71
Howard at 2nd - Embarcadero at Sansome,71
Steuart at Market - Commercial at Montgomery,71
Mechanics Plaza (Market at Battery) - Powell at Post (Union Square),71
Cowper at University - California Ave Caltrain Station,71
Mechanics Plaza (Market at Battery) - Mechanics Plaza (Market at Battery),71
2nd at South Park - Spear at Folsom,70
2nd at South Park - Embarcadero at Folsom,70
Powell Street BART - Embarcadero at Vallejo,70
Redwood City Caltrain Station - Redwood City Public Library,70
Market at Sansome - Grant Avenue at Columbus Avenue,70
Howard at 2nd - Spear at Folsom,69
Howard at 2nd - Powell Street BART,69
Market at 10th - Embarcadero at Vallejo,69
Temporary Transbay Terminal (Howard at Beale) - San Francisco City Hall,69
Civic Center BART (7th at Market) - Howard at 2nd,68
Broadway St at Battery St - Market at 4th,68
Davis at Jackson - Market at 10th,68
Grant Avenue at Columbus Avenue - Powell at Post (Union Square),68
2nd at Folsom - Civic Center BART (7th at Market),68
5th at Howard - Yerba Buena Center of the Arts (3rd @ Howard),68
Grant Avenue at Columbus Avenue - Yerba Buena Center of the Arts (3rd @ Howard),68
Commercial at Montgomery - Howard at 2nd,67
Yerba Buena Center of the Arts (3rd @ Howard) - Post at Kearny,67
South Van Ness at Market - Clay at Battery,67
Market at Sansome - Embarcadero at Vallejo,67
Powell at Post (Union Square) - Market at 4th,66
South Van Ness at Market - San Francisco City Hall,66
San Francisco Caltrain (Townsend at 4th) - San Francisco Caltrain 2 (330 Townsend),66
Clay at Battery - Market at 4th,65
Commercial at Montgomery - 2nd at Townsend,65
Yerba Buena Center of the Arts (3rd @ Howard) - Beale at Market,65
Powell Street BART - Golden Gate at Polk,65
Grant Avenue at Columbus Avenue - San Francisco City Hall,65
Powell at Post (Union Square) - South Van Ness at Market,65
Palo Alto Caltrain Station - Stanford in Redwood City,65
Franklin at Maple - Redwood City Caltrain Station,65
Mechanics Plaza (Market at Battery) - 5th at Howard,64
San Francisco Caltrain (Townsend at 4th) - Post at Kearney,64
Beale at Market - Townsend at 7th,64
South Van Ness at Market - Davis at Jackson,64
Market at Sansome - Powell Street BART,64
Washington at Kearny - Embarcadero at Bryant,64
2nd at South Park - Embarcadero at Sansome,64
Commercial at Montgomery - Mechanics Plaza (Market at Battery),64
Civic Center BART (7th at Market) - Yerba Buena Center of the Arts (3rd @ Howard),64
Howard at 2nd - Howard at 2nd,63
Beale at Market - Howard at 2nd,63
Steuart at Market - Post at Kearny,63
Powell Street BART - Post at Kearny,63
Howard at 2nd - Clay at Battery,63
2nd at South Park - Davis at Jackson,63
Spear at Folsom - Embarcadero at Bryant,63
2nd at Folsom - Embarcadero at Sansome,63
San Salvador at 1st - SJSU 4th at San Carlos,63
California Ave Caltrain Station - Palo Alto Caltrain Station,63
California Ave Caltrain Station - California Ave Caltrain Station,63
Embarcadero at Folsom - Temporary Transbay Terminal (Howard at Beale),63
Broadway St at Battery St - Temporary Transbay Terminal (Howard at Beale),63
Beale at Market - Market at 10th,62
Spear at Folsom - Clay at Battery,62
Golden Gate at Polk - Golden Gate at Polk,62
Harry Bridges Plaza (Ferry Building) - Golden Gate at Polk,62
San Francisco City Hall - San Francisco City Hall,62
Howard at 2nd - Harry Bridges Plaza (Ferry Building),62
Yerba Buena Center of the Arts (3rd @ Howard) - Harry Bridges Plaza (Ferry Building),62
Ryland Park - Ryland Park,61
Spear at Folsom - Spear at Folsom,61
Embarcadero at Folsom - Steuart at Market,61
Howard at 2nd - Commercial at Montgomery,61
Embarcadero at Sansome - Grant Avenue at Columbus Avenue,61
Powell at Post (Union Square) - Civic Center BART (7th at Market),61
Market at Sansome - Temporary Transbay Terminal (Howard at Beale),61
Townsend at 7th - Clay at Battery,60
Townsend at 7th - 2nd at South Park,60
Mechanics Plaza (Market at Battery) - 2nd at South Park,60
Grant Avenue at Columbus Avenue - Embarcadero at Bryant,60
Beale at Market - South Van Ness at Market,60
Commercial at Montgomery - Powell at Post (Union Square),60
San Jose Diridon Caltrain Station - San Jose Diridon Caltrain Station,60
Post at Kearny - Harry Bridges Plaza (Ferry Building),60
Japantown - Japantown,59
Redwood City Caltrain Station - Kaiser Hospital,59
Townsend at 7th - Embarcadero at Bryant,59
Post at Kearny - Embarcadero at Folsom,59
Powell at Post (Union Square) - Grant Avenue at Columbus Avenue,59
Market at 4th - Temporary Transbay Terminal (Howard at Beale),59
Civic Center BART (7th at Market) - 2nd at Folsom,58
Beale at Market - Embarcadero at Folsom,58
2nd at Folsom - Mechanics Plaza (Market at Battery),58
Grant Avenue at Columbus Avenue - 5th at Howard,57
Golden Gate at Polk - Post at Kearney,57
Clay at Battery - Steuart at Market,57
South Van Ness at Market - Golden Gate at Polk,57
Market at 4th - Embarcadero at Vallejo,57
Harry Bridges Plaza (Ferry Building) - South Van Ness at Market,57
Mountain View Caltrain Station - Charleston Park/ North Bayshore Area,57
San Francisco Caltrain 2 (330 Townsend) - San Francisco Caltrain (Townsend at 4th),57
Powell Street BART - Howard at 2nd,56
Harry Bridges Plaza (Ferry Building) - Beale at Market,56
Mechanics Plaza (Market at Battery) - Spear at Folsom,56
Embarcadero at Folsom - Davis at Jackson,56
San Salvador at 1st - San Jose City Hall,56
San Jose Civic Center - Santa Clara at Almaden,56
Temporary Transbay Terminal (Howard at Beale) - Powell at Post (Union Square),56
Howard at 2nd - Temporary Transbay Terminal (Howard at Beale),56
Washington at Kearney - Market at 10th,55
Beale at Market - Beale at Market,55
Davis at Jackson - Powell Street BART,55
2nd at Folsom - Powell at Post (Union Square),55
2nd at Folsom - Harry Bridges Plaza (Ferry Building),55
Steuart at Market - Harry Bridges Plaza (Ferry Building),55
Broadway St at Battery St - San Francisco Caltrain 2 (330 Townsend),55
Market at Sansome - 5th at Howard,54
Howard at 2nd - Golden Gate at Polk,54
2nd at Folsom - Embarcadero at Vallejo,54
Powell Street BART - San Francisco City Hall,54
Embarcadero at Bryant - Yerba Buena Center of the Arts (3rd @ Howard),54
2nd at Folsom - 2nd at Folsom,53
2nd at South Park - 5th at Howard,53
Steuart at Market - Washington at Kearny,53
Embarcadero at Sansome - 2nd at South Park,52
San Francisco City Hall - Steuart at Market,52
Mechanics Plaza (Market at Battery) - Embarcadero at Bryant,52
Commercial at Montgomery - Commercial at Montgomery,52
Mechanics Plaza (Market at Battery) - Grant Avenue at Columbus Avenue,52
Embarcadero at Sansome - Civic Center BART (7th at Market),52
Mechanics Plaza (Market at Battery) - San Francisco Caltrain (Townsend at 4th),52
Yerba Buena Center of the Arts (3rd @ Howard) - Temporary Transbay Terminal (Howard at Beale),52
2nd at Folsom - Post at Kearny,51
Howard at 2nd - Post at Kearny,51
Post at Kearny - Post at Kearny,51
Post at Kearny - 2nd at Townsend,51
Market at Sansome - Spear at Folsom,51
Embarcadero at Bryant - 2nd at South Park,51
San Francisco City Hall - 2nd at South Park,51
University and Emerson - Cowper at University,51
Yerba Buena Center of the Arts (3rd @ Howard) - Embarcadero at Folsom,51
Yerba Buena Center of the Arts (3rd @ Howard) - Embarcadero at Sansome,51
Stanford in Redwood City - Redwood City Caltrain Station,51
Powell Street BART - Yerba Buena Center of the Arts (3rd @ Howard),51
Beale at Market - 5th at Howard,50
Powell Street BART - Clay at Battery,50
Townsend at 7th - Davis at Jackson,50
SJSU 4th at San Carlos - Santa Clara at Almaden,50
Ryland Park - Japantown,49
Washington at Kearny - Howard at 2nd,49
Golden Gate at Polk - 2nd at Townsend,49
Cowper at University - Cowper at University,49
Steuart at Market - Powell at Post (Union Square),49
Washington at Kearny - Post at Kearny,48
Washington at Kearny - 2nd at Townsend,48
Washington at Kearny - Clay at Battery,48
5th at Howard - Powell at Post (Union Square),48
Commercial at Montgomery - Post at Kearny,47
Broadway St at Battery St - Post at Kearny,47
Embarcadero at Vallejo - 2nd at Townsend,47
San Francisco City Hall - 2nd at Townsend,47
Market at 10th - Clay at Battery,47
Commercial at Montgomery - Steuart at Market,47
SJSU - San Salvador at 9th - SJSU 4th at San Carlos,47
Broadway St at Battery St - Broadway St at Battery St,47
Commercial at Montgomery - Civic Center BART (7th at Market),47
Adobe on Almaden - San Jose Diridon Caltrain Station,47
San Pedro Square - St James Park,46
Mechanics Plaza (Market at Battery) - Post at Kearny,46
Commercial at Montgomery - Beale at Market,46
Civic Center BART (7th at Market) - Spear at Folsom,46
Mechanics Plaza (Market at Battery) - Golden Gate at Polk,46
Civic Center BART (7th at Market) - Washington at Kearny,46
Powell at Post (Union Square) - Embarcadero at Folsom,46
Santa Clara at Almaden - Santa Clara at Almaden,46
Mountain View City Hall - Mountain View City Hall,46
Castro Street and El Camino Real - Castro Street and El Camino Real,46
Commercial at Montgomery - 2nd at Folsom,45
Commercial at Montgomery - Market at 10th,45
Civic Center BART (7th at Market) - 2nd at Townsend,45
2nd at Folsom - Beale at Market,45
Embarcadero at Vallejo - Clay at Battery,45
Broadway St at Battery St - Davis at Jackson,45
Washington at Kearny - Golden Gate at Polk,45
SJSU - San Salvador at 9th - San Salvador at 1st,45
South Van Ness at Market - Washington at Kearny,45
Post at Kearney - Washington at Kearney,45
San Antonio Caltrain Station - San Antonio Caltrain Station,45
Powell Street BART - Powell at Post (Union Square),45
San Francisco Caltrain (Townsend at 4th) - Powell at Post (Union Square),45
San Jose City Hall - MLK Library,44
Embarcadero at Bryant - 5th at Howard,44
Golden Gate at Polk - Howard at 2nd,44
5th at Howard - 2nd at Townsend,44
Clay at Battery - Beale at Market,44
Spear at Folsom - Beale at Market,44
Powell at Post (Union Square) - Clay at Battery,44
Grant Avenue at Columbus Avenue - Broadway St at Battery St,44
University and Emerson - California Ave Caltrain Station,44
5th at Howard - Civic Center BART (7th at Market),44
San Francisco City Hall - 2nd at Folsom,43
Yerba Buena Center of the Arts (3rd @ Howard) - Clay at Battery,43
2nd at Townsend - Post at Kearney,43
Beale at Market - Market at Sansome,43
Townsend at 7th - Embarcadero at Folsom,43
Golden Gate at Polk - Commercial at Montgomery,43
Spear at Folsom - Broadway St at Battery St,43
Yerba Buena Center of the Arts (3rd @ Howard) - 2nd at Townsend,42
Post at Kearney - 2nd at South Park,42
2nd at Townsend - Powell Street BART,42
Post at Kearny - Commercial at Montgomery,42
Howard at 2nd - Powell at Post (Union Square),42
Spear at Folsom - Powell at Post (Union Square),42
Embarcadero at Sansome - Powell at Post (Union Square),42
Market at Sansome - Civic Center BART (7th at Market),42
Davis at Jackson - San Francisco Caltrain 2 (330 Townsend),42
Beale at Market - Yerba Buena Center of the Arts (3rd @ Howard),42
Clay at Battery - Yerba Buena Center of the Arts (3rd @ Howard),42
Redwood City Caltrain Station - Mezes Park,41
San Francisco City Hall - Beale at Market,41
Beale at Market - Clay at Battery,41
Davis at Jackson - Clay at Battery,41
5th at Howard - Davis at Jackson,41
Post at Kearny - Powell Street BART,41
San Francisco City Hall - South Van Ness at Market,41
Market at 4th - Powell at Post (Union Square),41
Mechanics Plaza (Market at Battery) - San Francisco Caltrain 2 (330 Townsend),41
Powell at Post (Union Square) - Temporary Transbay Terminal (Howard at Beale),41
Embarcadero at Bryant - Market at 4th,40
Embarcadero at Sansome - Market at 10th,40
San Francisco Caltrain 2 (330 Townsend) - Post at Kearney,40
5th at Howard - 2nd at South Park,40
SJSU - San Salvador at 9th - San Jose City Hall,40
Harry Bridges Plaza (Ferry Building) - Washington at Kearny,40
Embarcadero at Folsom - Commercial at Montgomery,40
Embarcadero at Sansome - Broadway St at Battery St,40
Clay at Battery - Powell at Post (Union Square),40
San Antonio Shopping Center - Mountain View Caltrain Station,40
5th at Howard - Grant Avenue at Columbus Avenue,40
Powell Street BART - Grant Avenue at Columbus Avenue,40
Embarcadero at Vallejo - Temporary Transbay Terminal (Howard at Beale),40
Market at 4th - Clay at Battery,39
San Jose Civic Center - Adobe on Almaden,39
Harry Bridges Plaza (Ferry Building) - Steuart at Market,39
California Ave Caltrain Station - University and Emerson,39
Arena Green / SAP Center - Arena Green / SAP Center,39
Steuart at Market - Grant Avenue at Columbus Avenue,39
Spear at Folsom - Temporary Transbay Terminal (Howard at Beale),39
Embarcadero at Folsom - Post at Kearny,38
Market at 10th - Davis at Jackson,38
Japantown - San Pedro Square,38
Powell Street BART - 2nd at South Park,38
San Francisco City Hall - Golden Gate at Polk,38
Powell Street BART - Commercial at Montgomery,38
Washington at Kearny - Broadway St at Battery St,38
Washington at Kearney - San Francisco Caltrain 2 (330 Townsend),38
Embarcadero at Sansome - Yerba Buena Center of the Arts (3rd @ Howard),38
San Francisco City Hall - Yerba Buena Center of the Arts (3rd @ Howard),38
MLK Library - Japantown,37
San Francisco City Hall - Post at Kearney,37
Yerba Buena Center of the Arts (3rd @ Howard) - Powell Street BART,37
2nd at Folsom - Embarcadero at Bryant,37
Embarcadero at Vallejo - Embarcadero at Folsom,37
Townsend at 7th - Mechanics Plaza (Market at Battery),37
Yerba Buena Center of the Arts (3rd @ Howard) - Mechanics Plaza (Market at Battery),37
San Francisco City Hall - Harry Bridges Plaza (Ferry Building),37
Davis at Jackson - 2nd at Folsom,36
San Francisco City Hall - 5th at Howard,36
Cowper at University - Park at Olive,36
Embarcadero at Sansome - Post at Kearny,36
5th at Howard - Golden Gate at Polk,36
Ryland Park - SJSU 4th at San Carlos,36
San Francisco Caltrain 2 (330 Townsend) - San Francisco City Hall,36
Market at Sansome - South Van Ness at Market,36
Howard at 2nd - Mechanics Plaza (Market at Battery),36
Powell Street BART - Temporary Transbay Terminal (Howard at Beale),36
Mechanics Plaza (Market at Battery) - Yerba Buena Center of the Arts (3rd @ Howard),36
St James Park - MLK Library,35
San Francisco City Hall - Howard at 2nd,35
University and Emerson - Park at Olive,35
2nd at South Park - Post at Kearney,35
Powell at Post (Union Square) - Golden Gate at Polk,35
San Jose City Hall - Paseo de San Antonio,35
Clay at Battery - Embarcadero at Vallejo,35
Civic Center BART (7th at Market) - San Francisco City Hall,35
Clay at Battery - Broadway St at Battery St,35
Redwood City Caltrain Station - Redwood City Caltrain Station,35
Post at Kearny - Grant Avenue at Columbus Avenue,35
Embarcadero at Vallejo - Spear at Folsom,34
Washington at Kearny - Townsend at 7th,34
Beale at Market - Washington at Kearny,34
Embarcadero at Sansome - Washington at Kearny,34
Yerba Buena Center of the Arts (3rd @ Howard) - Washington at Kearny,34
Embarcadero at Bryant - Civic Center BART (7th at Market),34
Yerba Buena Center of the Arts (3rd @ Howard) - Civic Center BART (7th at Market),34
San Jose Diridon Caltrain Station - Ryland Park,33
Mechanics Plaza (Market at Battery) - Howard at 2nd,33
Embarcadero at Folsom - Market at 4th,33
Mechanics Plaza (Market at Battery) - Clay at Battery,33
Market at 4th - Davis at Jackson,33
San Salvador at 1st - San Salvador at 1st,33
MLK Library - Paseo de San Antonio,33
Paseo de San Antonio - Paseo de San Antonio,33
Grant Avenue at Columbus Avenue - South Van Ness at Market,33
Market at Sansome - Powell at Post (Union Square),33
South Van Ness at Market - Powell at Post (Union Square),33
Washington at Kearny - Civic Center BART (7th at Market),33
San Francisco City Hall - Civic Center BART (7th at Market),33
Embarcadero at Vallejo - San Francisco Caltrain (Townsend at 4th),33
Washington at Kearny - Yerba Buena Center of the Arts (3rd @ Howard),33
Paseo de San Antonio - MLK Library,32
Embarcadero at Folsom - 5th at Howard,32
Clay at Battery - Market at 10th,32
Temporary Transbay Terminal (Howard at Beale) - Post at Kearney,32
Mechanics Plaza (Market at Battery) - Townsend at 7th,32
Civic Center BART (7th at Market) - Davis at Jackson,32
Beale at Market - Steuart at Market,32
Market at Sansome - Embarcadero at Bryant,32
Broadway St at Battery St - Embarcadero at Bryant,32
Townsend at 7th - Embarcadero at Sansome,32
Spear at Folsom - South Van Ness at Market,32
Post at Kearny - Broadway St at Battery St,32
Golden Gate at Polk - Powell at Post (Union Square),32
Clay at Battery - Grant Avenue at Columbus Avenue,32
Post at Kearney - 2nd at Folsom,31
Post at Kearney - Howard at 2nd,31
Yerba Buena Center of the Arts (3rd @ Howard) - Howard at 2nd,31
California Ave Caltrain Station - Park at Olive,31
Beale at Market - Post at Kearny,31
Post at Kearny - Beale at Market,31
Embarcadero at Vallejo - Beale at Market,31
Yerba Buena Center of the Arts (3rd @ Howard) - Spear at Folsom,31
Yerba Buena Center of the Arts (3rd @ Howard) - 2nd at South Park,31
Washington at Kearny - Steuart at Market,31
St James Park - San Salvador at 1st,31
Market at Sansome - Washington at Kearny,31
Howard at 2nd - Embarcadero at Bryant,31
Park at Olive - University and Emerson,31
Broadway St at Battery St - Commercial at Montgomery,31
San Francisco Caltrain (Townsend at 4th) - Grant Avenue at Columbus Avenue,31
Powell Street BART - Spear at Folsom,30
Mountain View City Hall - Evelyn Park and Ride,30
Powell at Post (Union Square) - San Francisco City Hall,30
Commercial at Montgomery - South Van Ness at Market,30
Beale at Market - Powell at Post (Union Square),30
Mountain View Caltrain Station - Middlefield Light Rail Station,30
Davis at Jackson - Grant Avenue at Columbus Avenue,30
Washington at Kearny - Grant Avenue at Columbus Avenue,30
San Jose Diridon Caltrain Station - Santa Clara County Civic Center,30
2nd at Townsend - Civic Center BART (7th at Market),30
Harry Bridges Plaza (Ferry Building) - Civic Center BART (7th at Market),30
Embarcadero at Bryant - Post at Kearny,29
SJSU - San Salvador at 9th - Adobe on Almaden,29
Market at 4th - Golden Gate at Polk,29
Beale at Market - Golden Gate at Polk,29
Evelyn Park and Ride - Evelyn Park and Ride,29
Market at 10th - Washington at Kearny,29
2nd at Townsend - Washington at Kearny,29
Powell at Post (Union Square) - Embarcadero at Bryant,29
San Antonio Caltrain Station - Mountain View City Hall,29
San Mateo County Center - San Mateo County Center,29
Embarcadero at Vallejo - Grant Avenue at Columbus Avenue,29
Mountain View Caltrain Station - Rengstorff Avenue / California Street,29
Rengstorff Avenue / California Street - Rengstorff Avenue / California Street,29
Beale at Market - 2nd at Folsom,28
Embarcadero at Vallejo - Howard at 2nd,28
2nd at Townsend - Market at 10th,28
Post at Kearney - Market at 10th,28
St James Park - San Pedro Square,28
Broadway St at Battery St - 2nd at South Park,28
Howard at 2nd - Washington at Kearny,28
Market at 4th - Washington at Kearny,28
Embarcadero at Vallejo - Embarcadero at Bryant,28
Market at Sansome - Embarcadero at Folsom,28
Grant Avenue at Columbus Avenue - Washington at Kearney,28
Palo Alto Caltrain Station - University and Emerson,28
Castro Street and El Camino Real - Mountain View City Hall,28
San Pedro Square - SJSU - San Salvador at 9th,28
Howard at 2nd - Grant Avenue at Columbus Avenue,28
Civic Center BART (7th at Market) - Grant Avenue at Columbus Avenue,28
Post at Kearny - Civic Center BART (7th at Market),28
Davis at Jackson - Civic Center BART (7th at Market),28
Market at Sansome - Mechanics Plaza (Market at Battery),28
Commercial at Montgomery - San Francisco Caltrain (Townsend at 4th),28
MLK Library - MLK Library,27
Clay at Battery - Post at Kearny,27
Adobe on Almaden - Adobe on Almaden,27
San Jose City Hall - San Jose City Hall,27
Market at 4th - Embarcadero at Folsom,27
Market at 4th - San Francisco City Hall,27
Steuart at Market - South Van Ness at Market,27
Yerba Buena Center of the Arts (3rd @ Howard) - South Van Ness at Market,27
2nd at South Park - Broadway St at Battery St,27
Embarcadero at Bryant - Powell at Post (Union Square),27
San Antonio Caltrain Station - Mountain View Caltrain Station,27
Beale at Market - Mechanics Plaza (Market at Battery),27
Post at Kearny - Yerba Buena Center of the Arts (3rd @ Howard),27
Howard at 2nd - 2nd at Folsom,26
Post at Kearny - 5th at Howard,26
Yerba Buena Center of the Arts (3rd @ Howard) - Market at 4th,26
Townsend at 7th - Post at Kearney,26
San Salvador at 1st - Adobe on Almaden,26
Mechanics Plaza (Market at Battery) - Market at Sansome,26
Washington at Kearney - Powell Street BART,26
Clay at Battery - Golden Gate at Polk,26
Clay at Battery - Embarcadero at Bryant,26
2nd at South Park - Embarcadero at Bryant,26
Howard at 2nd - Embarcadero at Vallejo,26
Harry Bridges Plaza (Ferry Building) - San Francisco City Hall,26
Broadway St at Battery St - Powell at Post (Union Square),26
SJSU 4th at San Carlos - MLK Library,25
Post at Kearny - 2nd at Folsom,25
Embarcadero at Folsom - 2nd at Folsom,25
Embarcadero at Sansome - 5th at Howard,25
Market at 4th - Post at Kearny,25
Post at Kearny - Clay at Battery,25
Grant Avenue at Columbus Avenue - Post at Kearney,25
Clay at Battery - Davis at Jackson,25
Japantown - San Jose City Hall,25
Townsend at 7th - Golden Gate at Polk,25
Market at 10th - Embarcadero at Folsom,25
Rengstorff Avenue / California Street - Mountain View City Hall,25
Golden Gate at Polk - San Francisco City Hall,25
SJSU 4th at San Carlos - San Jose Diridon Caltrain Station,25
Golden Gate at Polk - Harry Bridges Plaza (Ferry Building),25
Washington at Kearny - 2nd at Folsom,24
Yerba Buena Center of the Arts (3rd @ Howard) - 2nd at Folsom,24
2nd at Folsom - Post at Kearney,24
San Jose Civic Center - San Pedro Square,24
Washington at Kearney - Steuart at Market,24
Broadway St at Battery St - Powell Street BART,24
Steuart at Market - Golden Gate at Polk,24
Davis at Jackson - Embarcadero at Bryant,24
Santa Clara at Almaden - San Jose Civic Center,24
Washington at Kearney - Washington at Kearney,24
Yerba Buena Center of the Arts (3rd @ Howard) - Embarcadero at Vallejo,24
Civic Center BART (7th at Market) - Broadway St at Battery St,24
Park at Olive - Palo Alto Caltrain Station,24
San Francisco City Hall - Powell at Post (Union Square),24
Steuart at Market - Civic Center BART (7th at Market),24
Post at Kearny - San Francisco Caltrain 2 (330 Townsend),24
Broadway St at Battery St - Howard at 2nd,23
Broadway St at Battery St - Market at 10th,23
Howard at 2nd - Post at Kearney,23
Golden Gate at Polk - Embarcadero at Bryant,23
Spear at Folsom - Embarcadero at Folsom,23
Commercial at Montgomery - Broadway St at Battery St,23
Mountain View Caltrain Station - San Antonio Caltrain Station,23
Townsend at 7th - Powell at Post (Union Square),23
Post at Kearny - Mechanics Plaza (Market at Battery),23
Embarcadero at Vallejo - Mechanics Plaza (Market at Battery),23
Embarcadero at Vallejo - San Francisco Caltrain 2 (330 Townsend),23
Commercial at Montgomery - San Francisco Caltrain 2 (330 Townsend),23
SJSU - San Salvador at 9th - MLK Library,22
Broadway St at Battery St - 2nd at Folsom,22
Embarcadero at Vallejo - Market at 4th,22
California Ave Caltrain Station - Cowper at University,22
Embarcadero at Bryant - Washington at Kearny,22
San Pedro Square - San Jose Civic Center,22
SJSU 4th at San Carlos - SJSU 4th at San Carlos,22
Howard at 2nd - San Francisco City Hall,22
Market at 4th - Broadway St at Battery St,22
Commercial at Montgomery - Grant Avenue at Columbus Avenue,22
San Jose City Hall - Japantown,21
Commercial at Montgomery - 5th at Howard,21
Commercial at Montgomery - Clay at Battery,21
2nd at Folsom - Washington at Kearney,21
Mechanics Plaza (Market at Battery) - San Francisco City Hall,21
2nd at Folsom - Broadway St at Battery St,21
Powell Street BART - Broadway St at Battery St,21
San Jose Diridon Caltrain Station - SJSU - San Salvador at 9th,21
Davis at Jackson - Powell at Post (Union Square),21
Washington at Kearny - Powell at Post (Union Square),21
Redwood City Public Library - Redwood City Caltrain Station,21
Washington at Kearny - Temporary Transbay Terminal (Howard at Beale),21
Mechanics Plaza (Market at Battery) - 2nd at Folsom,20
SJSU 4th at San Carlos - St James Park,20
Powell at Post (Union Square) - Post at Kearney,20
St James Park - San Jose City Hall,20
Market at 4th - 5th St at Folsom St,20
2nd at Townsend - Golden Gate at Polk,20
Grant Avenue at Columbus Avenue - Golden Gate at Polk,20
Japantown - Paseo de San Antonio,20
2nd at South Park - Washington at Kearny,20
Post at Kearny - Embarcadero at Vallejo,20
San Antonio Shopping Center - University and Emerson,20
Ryland Park - Arena Green / SAP Center,20
Post at Kearny - Powell at Post (Union Square),20
Embarcadero at Folsom - Grant Avenue at Columbus Avenue,20
Mountain View City Hall - Castro Street and El Camino Real,20
Spear at Folsom - Civic Center BART (7th at Market),20
Charleston Park/ North Bayshore Area - Charleston Park/ North Bayshore Area,20
Post at Kearney - Harry Bridges Plaza (Ferry Building),20
Post at Kearny - Temporary Transbay Terminal (Howard at Beale),20
Clay at Battery - 5th at Howard,19
Japantown - St James Park,19
Post at Kearny - Spear at Folsom,19
Davis at Jackson - Townsend at 7th,19
San Salvador at 1st - San Pedro Square,19
Post at Kearney - Steuart at Market,19
Washington at Kearny - Embarcadero at Vallejo,19
San Jose City Hall - SJSU 4th at San Carlos,19
Evelyn Park and Ride - Mountain View City Hall,19
Embarcadero at Folsom - South Van Ness at Market,19
Embarcadero at Sansome - South Van Ness at Market,19
Redwood City Medical Center - Redwood City Caltrain Station,19
Park at Olive - California Ave Caltrain Station,19
Spear at Folsom - Grant Avenue at Columbus Avenue,19
Embarcadero at Bryant - Grant Avenue at Columbus Avenue,19
5th St at Folsom St - Market at 4th,18
Embarcadero at Bryant - Market at 10th,18
Embarcadero at Folsom - Market at 10th,18
5th at Howard - Embarcadero at Bryant,18
5th at Howard - Washington at Kearney,18
Harry Bridges Plaza (Ferry Building) - Washington at Kearney,18
Market at 10th - San Francisco City Hall,18
Townsend at 7th - San Francisco City Hall,18
San Jose Civic Center - Arena Green / SAP Center,18
Post at Kearney - Commercial at Montgomery,18
SJSU - San Salvador at 9th - SJSU - San Salvador at 9th,18
Charleston Park/ North Bayshore Area - Mountain View Caltrain Station,18
San Antonio Caltrain Station - California Ave Caltrain Station,18
Embarcadero at Folsom - Beale at Market,17
5th at Howard - Post at Kearney,17
Broadway St at Battery St - Townsend at 7th,17
2nd at Folsom - Davis at Jackson,17
Embarcadero at Vallejo - Davis at Jackson,17
San Pedro Square - San Pedro Square,17
Spear at Folsom - Powell Street BART,17
Ryland Park - Paseo de San Antonio,17
MLK Library - San Jose Civic Center,17
Broadway St at Battery St - Embarcadero at Vallejo,17
Grant Avenue at Columbus Avenue - Embarcadero at Vallejo,17
Adobe on Almaden - SJSU 4th at San Carlos,17
2nd at Townsend - San Francisco City Hall,17
2nd at Townsend - South Van Ness at Market,17
2nd at South Park - South Van Ness at Market,17
Embarcadero at Vallejo - Powell at Post (Union Square),17
2nd at South Park - Grant Avenue at Columbus Avenue,17
Beale at Market - Civic Center BART (7th at Market),17
Clay at Battery - San Francisco Caltrain 2 (330 Townsend),17
Embarcadero at Vallejo - Yerba Buena Center of the Arts (3rd @ Howard),17
Ryland Park - MLK Library,16
Spear at Folsom - Post at Kearny,16
Market at 10th - Post at Kearney,16
Clay at Battery - Townsend at 7th,16
Washington at Kearney - Market at Sansome,16
Embarcadero at Vallejo - Powell Street BART,16
St James Park - Paseo de San Antonio,16
Powell Street BART - Washington at Kearny,16
Post at Kearny - Embarcadero at Bryant,16
Yerba Buena Center of the Arts (3rd @ Howard) - Embarcadero at Bryant,16
South Van Ness at Market - Washington at Kearney,16
Post at Kearney - Embarcadero at Sansome,16
San Pedro Square - Arena Green / SAP Center,16
Post at Kearny - South Van Ness at Market,16
Market at 10th - Broadway St at Battery St,16
Washington at Kearney - San Francisco Caltrain (Townsend at 4th),16
San Francisco City Hall - Temporary Transbay Terminal (Howard at Beale),16
San Jose Civic Center - MLK Library,15
Washington at Kearney - Howard at 2nd,15
Arena Green / SAP Center - St James Park,15
Howard at 2nd - Beale at Market,15
Civic Center BART (7th at Market) - Post at Kearney,15
Ryland Park - San Pedro Square,15
Embarcadero at Vallejo - Market at Sansome,15
San Pedro Square - San Jose City Hall,15
Powell Street BART - 5th St at Folsom St,15
Townsend at 7th - Washington at Kearny,15
Davis at Jackson - Washington at Kearny,15
Powell Street BART - Embarcadero at Folsom,15
Adobe on Almaden - San Jose Civic Center,15
MLK Library - Santa Clara at Almaden,15
2nd at Folsom - South Van Ness at Market,15
Washington at Kearny - South Van Ness at Market,15
Howard at 2nd - Broadway St at Battery St,15
Townsend at 7th - Broadway St at Battery St,15
Redwood City Caltrain Station - Palo Alto Caltrain Station,15
Santa Clara at Almaden - SJSU - San Salvador at 9th,15
Embarcadero at Folsom - Powell at Post (Union Square),15
Market at 10th - Grant Avenue at Columbus Avenue,15
San Francisco City Hall - Grant Avenue at Columbus Avenue,15
Santa Clara County Civic Center - Santa Clara County Civic Center,15
Broadway St at Battery St - Yerba Buena Center of the Arts (3rd @ Howard),15
St James Park - Japantown,14
San Pedro Square - MLK Library,14
St James Park - St James Park,14
SJSU - San Salvador at 9th - St James Park,14
Post at Kearney - 2nd at Townsend,14
Spear at Folsom - Post at Kearney,14
Commercial at Montgomery - Post at Kearney,14
Embarcadero at Folsom - Spear at Folsom,14
Paseo de San Antonio - San Pedro Square,14
San Salvador at 1st - Paseo de San Antonio,14
SJSU 4th at San Carlos - Paseo de San Antonio,14
San Jose City Hall - San Jose Civic Center,14
Embarcadero at Bryant - Washington at Kearney,14
Washington at Kearny - San Francisco City Hall,14
Commercial at Montgomery - San Francisco City Hall,14
Yerba Buena Center of the Arts (3rd @ Howard) - San Francisco City Hall,14
San Antonio Shopping Center - San Antonio Shopping Center,14
San Mateo County Center - Redwood City Caltrain Station,14
Clay at Battery - 2nd at Folsom,13
San Antonio Caltrain Station - Park at Olive,13
Mechanics Plaza (Market at Battery) - Beale at Market,13
Golden Gate at Polk - Clay at Battery,13
Washington at Kearny - Spear at Folsom,13
San Jose City Hall - Adobe on Almaden,13
Powell Street BART - Davis at Jackson,13
San Jose City Hall - San Pedro Square,13
Arena Green / SAP Center - San Jose City Hall,13
Golden Gate at Polk - 5th St at Folsom St,13
MLK Library - San Salvador at 1st,13
Embarcadero at Folsom - Washington at Kearny,13
Commercial at Montgomery - Embarcadero at Bryant,13
Paseo de San Antonio - San Jose Civic Center,13
Beale at Market - Washington at Kearney,13
Washington at Kearney - Embarcadero at Sansome,13
Market at Sansome - San Francisco City Hall,13
San Pedro Square - Japantown,12
Japantown - Ryland Park,12
Park at Olive - Park at Olive,12
Steuart at Market - Beale at Market,12
San Francisco City Hall - Clay at Battery,12
San Francisco City Hall - Spear at Folsom,12
SJSU 4th at San Carlos - Adobe on Almaden,12
Santa Clara at Almaden - Adobe on Almaden,12
San Francisco City Hall - Davis at Jackson,12
Arena Green / SAP Center - San Pedro Square,12
Post at Kearny - Market at Sansome,12
Embarcadero at Folsom - Powell Street BART,12
San Jose Civic Center - Paseo de San Antonio,12
San Francisco City Hall - Washington at Kearny,12
Arena Green / SAP Center - San Jose Civic Center,12
5th at Howard - San Francisco City Hall,12
Stanford in Redwood City - Stanford in Redwood City,12
San Salvador at 1st - SJSU - San Salvador at 9th,12
San Mateo County Center - Redwood City Public Library,12
Castro Street and El Camino Real - San Antonio Shopping Center,12
Golden Gate at Polk - Grant Avenue at Columbus Avenue,12
St James Park - Santa Clara County Civic Center,12
San Antonio Caltrain Station - Rengstorff Avenue / California Street,12
Washington at Kearny - 5th at Howard,11
Ryland Park - St James Park,11
Paseo de San Antonio - St James Park,11
Embarcadero at Folsom - Clay at Battery,11
Post at Kearney - Spear at Folsom,11
Commercial at Montgomery - Townsend at 7th,11
Paseo de San Antonio - Adobe on Almaden,11
Washington at Kearny - Davis at Jackson,11
Santa Clara at Almaden - San Pedro Square,11
Embarcadero at Bryant - Powell Street BART,11
MLK Library - San Jose City Hall,11
Park at Olive - Cowper at University,11
San Pedro Square - Paseo de San Antonio,11
Golden Gate at Polk - Embarcadero at Folsom,11
SJSU - San Salvador at 9th - San Jose Civic Center,11
Powell at Post (Union Square) - Washington at Kearney,11
Ryland Park - Santa Clara at Almaden,11
Beale at Market - San Francisco City Hall,11
Paseo de San Antonio - Arena Green / SAP Center,11
Clay at Battery - Commercial at Montgomery,11
Washington at Kearny - Commercial at Montgomery,11
San Mateo County Center - Stanford in Redwood City,11
Paseo de San Antonio - SJSU - San Salvador at 9th,11
San Francisco Caltrain 2 (330 Townsend) - Grant Avenue at Columbus Avenue,11
Clay at Battery - Civic Center BART (7th at Market),11
2nd at South Park - Civic Center BART (7th at Market),11
San Jose Diridon Caltrain Station - Japantown,10
St James Park - Ryland Park,10
Embarcadero at Sansome - 2nd at Folsom,10
Davis at Jackson - 5th at Howard,10
Post at Kearney - Post at Kearney,10
Steuart at Market - Post at Kearney,10
Powell Street BART - Post at Kearney,10
Yerba Buena Center of the Arts (3rd @ Howard) - Post at Kearney,10
Howard at 2nd - Davis at Jackson,10
SJSU - San Salvador at 9th - San Pedro Square,10
SJSU 4th at San Carlos - San Jose City Hall,10
Post at Kearny - Golden Gate at Polk,10
Yerba Buena Center of the Arts (3rd @ Howard) - Golden Gate at Polk,10
Paseo de San Antonio - San Salvador at 1st,10
Adobe on Almaden - Paseo de San Antonio,10
Clay at Battery - Washington at Kearny,10
South Van Ness at Market - Embarcadero at Bryant,10
SJSU 4th at San Carlos - San Jose Civic Center,10
Market at Sansome - Washington at Kearney,10
San Antonio Shopping Center - Mountain View City Hall,10
Clay at Battery - San Francisco City Hall,10
Embarcadero at Sansome - San Francisco City Hall,10
Embarcadero at Vallejo - Commercial at Montgomery,10
Redwood City Public Library - Stanford in Redwood City,10
California Ave Caltrain Station - San Antonio Caltrain Station,10
Yerba Buena Center of the Arts (3rd @ Howard) - Powell at Post (Union Square),10
Arena Green / SAP Center - San Jose Diridon Caltrain Station,10
Washington at Kearney - Harry Bridges Plaza (Ferry Building),10
Santa Clara County Civic Center - Ryland Park,9
Golden Gate at Polk - 2nd at Folsom,9
Embarcadero at Vallejo - 2nd at Folsom,9
Embarcadero at Vallejo - 5th at Howard,9
Washington at Kearney - Market at 4th,9
MLK Library - St James Park,9
Market at Sansome - Post at Kearny,9
Beale at Market - Post at Kearney,9
Davis at Jackson - Post at Kearney,9
Japantown - Adobe on Almaden,9
Post at Kearney - Davis at Jackson,9
Paseo de San Antonio - San Jose City Hall,9
Japantown - San Salvador at 1st,9
San Pedro Square - San Salvador at 1st,9
San Jose City Hall - San Salvador at 1st,9
SJSU 4th at San Carlos - San Salvador at 1st,9
Golden Gate at Polk - Washington at Kearny,9
Mechanics Plaza (Market at Battery) - Washington at Kearney,9
San Pedro Square - SJSU 4th at San Carlos,9
Paseo de San Antonio - SJSU 4th at San Carlos,9
San Pedro Square - Santa Clara at Almaden,9
Yerba Buena Center of the Arts (3rd @ Howard) - Broadway St at Battery St,9
University and Emerson - Palo Alto Caltrain Station,9
MLK Library - SJSU - San Salvador at 9th,9
Park at Olive - San Antonio Caltrain Station,9
Charleston Park/ North Bayshore Area - San Antonio Caltrain Station,9
Post at Kearney - Powell at Post (Union Square),9
Rengstorff Avenue / California Street - California Ave Caltrain Station,9
Post at Kearney - Grant Avenue at Columbus Avenue,9
South Van Ness at Market - Grant Avenue at Columbus Avenue,9
San Antonio Shopping Center - Charleston Park/ North Bayshore Area,9
Post at Kearney - San Francisco Caltrain 2 (330 Townsend),9
Adobe on Almaden - MLK Library,8
5th St at Folsom St - Post at Kearny,8
Market at 4th - Post at Kearney,8
Embarcadero at Vallejo - Townsend at 7th,8
Golden Gate at Polk - Davis at Jackson,8
S. Market St at Park Ave - San Pedro Square,8
Civic Center BART (7th at Market) - 5th St at Folsom St,8
Market at Sansome - Golden Gate at Polk,8
Santa Clara at Almaden - Paseo de San Antonio,8
Arena Green / SAP Center - Paseo de San Antonio,8
Spear at Folsom - Washington at Kearny,8
Embarcadero at Vallejo - Washington at Kearny,8
Market at 4th - Washington at Kearney,8
Embarcadero at Sansome - Washington at Kearney,8
2nd at Folsom - San Francisco City Hall,8
Davis at Jackson - San Francisco City Hall,8
Steuart at Market - San Francisco City Hall,8
Broadway St at Battery St - San Francisco City Hall,8
Redwood City Medical Center - San Mateo County Center,8
San Salvador at 1st - Arena Green / SAP Center,8
San Jose Diridon Caltrain Station - Arena Green / SAP Center,8
Clay at Battery - South Van Ness at Market,8
Franklin at Maple - Redwood City Public Library,8
San Antonio Shopping Center - California Ave Caltrain Station,8
Washington at Kearney - Grant Avenue at Columbus Avenue,8
Broadway St at Battery St - Grant Avenue at Columbus Avenue,8
Embarcadero at Vallejo - Civic Center BART (7th at Market),8
Washington at Kearney - Mechanics Plaza (Market at Battery),8
Redwood City Caltrain Station - Mezes,7
SJSU - San Salvador at 9th - Japantown,7
Santa Clara County Civic Center - Japantown,7
Santa Clara at Almaden - MLK Library,7
Arena Green / SAP Center - MLK Library,7
Embarcadero at Vallejo - Market at 10th,7
Embarcadero at Vallejo - Post at Kearny,7
Washington at Kearney - Beale at Market,7
Embarcadero at Bryant - Post at Kearney,7
Post at Kearney - Townsend at 7th,7
St James Park - Adobe on Almaden,7
MLK Library - San Pedro Square,7
SJSU 4th at San Carlos - San Pedro Square,7
Ryland Park - San Jose City Hall,7
2nd at South Park - Golden Gate at Polk,7
Embarcadero at Vallejo - Golden Gate at Polk,7
Market at 10th - Embarcadero at Bryant,7
San Salvador at 1st - San Jose Civic Center,7
Howard at 2nd - Washington at Kearney,7
Market at 10th - Washington at Kearney,7
San Francisco City Hall - Embarcadero at Vallejo,7
San Jose Civic Center - SJSU 4th at San Carlos,7
Paseo de San Antonio - Santa Clara at Almaden,7
Arena Green / SAP Center - Santa Clara at Almaden,7
San Antonio Caltrain Station - University and Emerson,7
Post at Kearny - San Francisco City Hall,7
2nd at South Park - San Francisco City Hall,7
San Jose City Hall - Arena Green / SAP Center,7
San Antonio Caltrain Station - Palo Alto Caltrain Station,7
San Jose Civic Center - SJSU - San Salvador at 9th,7
San Mateo County Center - Redwood City Medical Center,7
Rengstorff Avenue / California Street - San Antonio Shopping Center,7
San Jose Civic Center - Santa Clara County Civic Center,7
San Antonio Caltrain Station - Charleston Park/ North Bayshore Area,7
Castro Street and El Camino Real - Charleston Park/ North Bayshore Area,7
Post at Kearney - Yerba Buena Center of the Arts (3rd @ Howard),7
Paseo de San Antonio - Ryland Park,6
SJSU 4th at San Carlos - Ryland Park,6
Broadway St at Battery St - 5th at Howard,6
Mountain View Caltrain Station - Park at Olive,6
Washington at Kearney - Spear at Folsom,6
MLK Library - Adobe on Almaden,6
Washington at Kearney - 2nd at South Park,6
Redwood City Caltrain Station - Franklin at Maple,6
San Jose Civic Center - San Jose City Hall,6
San Francisco Caltrain 2 (330 Townsend) - 5th St at Folsom St,6
Embarcadero at Bryant - Golden Gate at Polk,6
Broadway St at Battery St - Washington at Kearny,6
San Francisco City Hall - Embarcadero at Bryant,6
Santa Clara County Civic Center - San Jose Civic Center,6
Spear at Folsom - Washington at Kearney,6
2nd at South Park - Washington at Kearney,6
Post at Kearney - Embarcadero at Vallejo,6
San Jose City Hall - Santa Clara at Almaden,6
Spear at Folsom - San Francisco City Hall,6
Japantown - Arena Green / SAP Center,6
SJSU 4th at San Carlos - Arena Green / SAP Center,6
Washington at Kearney - Commercial at Montgomery,6
Embarcadero at Vallejo - Broadway St at Battery St,6
Japantown - SJSU - San Salvador at 9th,6
Palo Alto Caltrain Station - Mountain View Caltrain Station,6
2nd at Townsend - Grant Avenue at Columbus Avenue,6
Evelyn Park and Ride - Castro Street and El Camino Real,6
Post at Kearney - Civic Center BART (7th at Market),6
Mountain View City Hall - Rengstorff Avenue / California Street,6
5th St at Folsom St - San Francisco Caltrain 2 (330 Townsend),6
Washington at Kearney - Yerba Buena Center of the Arts (3rd @ Howard),6
Santa Clara at Almaden - Japantown,5
Mezes Park - Mezes Park,5
San Jose City Hall - St James Park,5
San Salvador at 1st - St James Park,5
Post at Kearney - Clay at Battery,5
Clay at Battery - Post at Kearney,5
Embarcadero at Folsom - Post at Kearney,5
Mechanics Plaza (Market at Battery) - Post at Kearney,5
San Mateo County Center - Broadway at Main,5
Yerba Buena Center of the Arts (3rd @ Howard) - Davis at Jackson,5
Embarcadero at Vallejo - 2nd at South Park,5
Post at Kearney - Market at Sansome,5
5th St at Folsom St - Steuart at Market,5
Santa Clara at Almaden - San Jose City Hall,5
Spear at Folsom - Golden Gate at Polk,5
Santa Clara at Almaden - San Salvador at 1st,5
Arena Green / SAP Center - San Salvador at 1st,5
Commercial at Montgomery - Washington at Kearny,5
Washington at Kearney - Embarcadero at Bryant,5
Post at Kearney - Embarcadero at Folsom,5
Japantown - San Jose Civic Center,5
St James Park - San Jose Civic Center,5
Commercial at Montgomery - Embarcadero at Vallejo,5
MLK Library - SJSU 4th at San Carlos,5
Arena Green / SAP Center - SJSU 4th at San Carlos,5
San Salvador at 1st - Santa Clara at Almaden,5
Embarcadero at Bryant - San Francisco City Hall,5
Broadway St at Battery St - South Van Ness at Market,5
San Francisco City Hall - Broadway St at Battery St,5
Park at Olive - San Antonio Shopping Center,5
Mountain View City Hall - San Antonio Shopping Center,5
Palo Alto Caltrain Station - San Antonio Caltrain Station,5
Middlefield Light Rail Station - Mountain View Caltrain Station,5
Townsend at 7th - Grant Avenue at Columbus Avenue,5
Arena Green / SAP Center - Santa Clara County Civic Center,5
5th St at Folsom St - Mechanics Plaza (Market at Battery),5
Post at Kearney - San Francisco Caltrain (Townsend at 4th),5
Davis at Jackson - Yerba Buena Center of the Arts (3rd @ Howard),5
San Salvador at 1st - Japantown,4
San Jose Civic Center - Japantown,4
San Pedro Square - Ryland Park,4
Santa Clara at Almaden - Ryland Park,4
Washington at Kearney - 2nd at Folsom,4
Post at Kearney - 5th at Howard,4
Redwood City Caltrain Station - Park at Olive,4
Santa Clara at Almaden - St James Park,4
Post at Kearney - Beale at Market,4
Washington at Kearney - Clay at Battery,4
Adobe on Almaden - San Pedro Square,4
Redwood City Caltrain Station - Sequoia Hospital,4
Adobe on Almaden - San Jose City Hall,4
Santa Clara County Civic Center - San Jose City Hall,4
Adobe on Almaden - San Salvador at 1st,4
Powell Street BART - Embarcadero at Bryant,4
Civic Center BART (7th at Market) - Embarcadero at Bryant,4
San Francisco City Hall - Embarcadero at Folsom,4
Steuart at Market - Washington at Kearney,4
Japantown - Santa Clara at Almaden,4
St James Park - Santa Clara at Almaden,4
Redwood City Caltrain Station - University and Emerson,4
Mezes Park - San Mateo County Center,4
MLK Library - Arena Green / SAP Center,4
Adobe on Almaden - Arena Green / SAP Center,4
SJSU - San Salvador at 9th - Arena Green / SAP Center,4
Santa Clara County Civic Center - Arena Green / SAP Center,4
San Jose Diridon Caltrain Station - S. Market St at Park Ave,4
Davis at Jackson - South Van Ness at Market,4
Embarcadero at Bryant - South Van Ness at Market,4
University and Emerson - Stanford in Redwood City,4
Washington at Kearney - Broadway St at Battery St,4
St James Park - SJSU - San Salvador at 9th,4
SJSU 4th at San Carlos - SJSU - San Salvador at 9th,4
Redwood City Public Library - Redwood City Public Library,4
California Ave Caltrain Station - San Antonio Shopping Center,4
University and Emerson - San Antonio Caltrain Station,4
Kaiser Hospital - Redwood City Caltrain Station,4
Sequoia Hospital - Redwood City Caltrain Station,4
Middlefield Light Rail Station - Middlefield Light Rail Station,4
University and Emerson - Mountain View Caltrain Station,4
Embarcadero at Folsom - Civic Center BART (7th at Market),4
Post at Kearney - Mechanics Plaza (Market at Battery),4
Cyril Magnin St at Ellis St - Harry Bridges Plaza (Ferry Building),4
Washington at Kearney - Temporary Transbay Terminal (Howard at Beale),4
Mezes - Mezes,3
San Antonio Shopping Center - Park at Olive,3
Charleston Park/ North Bayshore Area - Park at Olive,3
Washington at Kearney - Post at Kearney,3
Embarcadero at Sansome - Post at Kearney,3
5th St at Folsom St - Spear at Folsom,3
Washington at Kearney - Townsend at 7th,3
Arena Green / SAP Center - Adobe on Almaden,3
Redwood City Medical Center - Broadway at Main,3
Redwood City Caltrain Station - Broadway at Main,3
Redwood City Medical Center - Franklin at Maple,3
San Francisco Caltrain (Townsend at 4th) - 5th St at Folsom St,3
Commercial at Montgomery - Golden Gate at Polk,3
Broadway St at Battery St - Golden Gate at Polk,3
Ryland Park - San Salvador at 1st,3
Rengstorff Avenue / California Street - Evelyn Park and Ride,3
Post at Kearney - Embarcadero at Bryant,3
Clay at Battery - Washington at Kearney,3
Davis at Jackson - Washington at Kearney,3
Powell Street BART - Washington at Kearney,3
Yerba Buena Center of the Arts (3rd @ Howard) - Washington at Kearney,3
Adobe on Almaden - Santa Clara at Almaden,3
Franklin at Maple - University and Emerson,3
Embarcadero at Folsom - San Francisco City Hall,3
Redwood City Public Library - San Mateo County Center,3
San Pedro Square - S. Market St at Park Ave,3
Post at Kearney - South Van Ness at Market,3
San Antonio Shopping Center - Palo Alto Caltrain Station,3
San Jose City Hall - SJSU - San Salvador at 9th,3
San Francisco Caltrain 2 (330 Townsend) - Cyril Magnin St at Ellis St,3
Redwood City Medical Center - Redwood City Medical Center,3
University and Emerson - San Antonio Shopping Center,3
Mountain View City Hall - San Antonio Caltrain Station,3
Castro Street and El Camino Real - San Antonio Caltrain Station,3
Castro Street and El Camino Real - Middlefield Light Rail Station,3
Japantown - Santa Clara County Civic Center,3
Adobe on Almaden - Santa Clara County Civic Center,3
Rengstorff Avenue / California Street - Castro Street and El Camino Real,3
San Antonio Shopping Center - Rengstorff Avenue / California Street,3
Castro Street and El Camino Real - Rengstorff Avenue / California Street,3
5th St at Folsom St - San Francisco Caltrain (Townsend at 4th),3
University and Emerson - San Francisco Caltrain (Townsend at 4th),3
San Jose Civic Center - Ryland Park,2
Arena Green / SAP Center - Ryland Park,2
Washington at Kearney - 5th at Howard,2
Rengstorff Avenue / California Street - Park at Olive,2
Adobe on Almaden - St James Park,2
Cyril Magnin St at Ellis St - Market at 10th,2
Cyril Magnin St at Ellis St - Post at Kearny,2
San Mateo County Center - Kaiser Hospital,2
Washington at Kearney - Davis at Jackson,2
Broadway at Main - Franklin at Maple,2
Steuart at Market - 5th St at Folsom St,2
2nd at Folsom - Golden Gate at Polk,2
Post at Kearney - Golden Gate at Polk,2
Davis at Jackson - Golden Gate at Polk,2
San Jose Civic Center - San Salvador at 1st,2
San Antonio Caltrain Station - Evelyn Park and Ride,2
Embarcadero at Folsom - Washington at Kearney,2
San Francisco City Hall - Washington at Kearney,2
Civic Center BART (7th at Market) - Washington at Kearney,2
Cyril Magnin St at Ellis St - Embarcadero at Vallejo,2
Stanford in Redwood City - University and Emerson,2
Park at Olive - Mountain View City Hall,2
California Ave Caltrain Station - Mountain View City Hall,2
Post at Kearney - San Francisco City Hall,2
Embarcadero at Vallejo - San Francisco City Hall,2
S. Market St at Park Ave - Arena Green / SAP Center,2
St James Park - S. Market St at Park Ave,2
San Jose Civic Center - S. Market St at Park Ave,2
Arena Green / SAP Center - S. Market St at Park Ave,2
S. Market St at Park Ave - S. Market St at Park Ave,2
Embarcadero at Vallejo - South Van Ness at Market,2
Cyril Magnin St at Ellis St - South Van Ness at Market,2
Mezes - Stanford in Redwood City,2
Redwood City Medical Center - Stanford in Redwood City,2
Mezes Park - Palo Alto Caltrain Station,2
Redwood City Public Library - Palo Alto Caltrain Station,2
Mountain View Caltrain Station - Palo Alto Caltrain Station,2
Washington at Kearny - Cyril Magnin St at Ellis St,2
Cyril Magnin St at Ellis St - Cyril Magnin St at Ellis St,2
Harry Bridges Plaza (Ferry Building) - Cyril Magnin St at Ellis St,2
Mezes Park - Redwood City Medical Center,2
Stanford in Redwood City - Redwood City Public Library,2
Evelyn Park and Ride - San Antonio Shopping Center,2
Charleston Park/ North Bayshore Area - San Antonio Shopping Center,2
MLK Library - Mountain View Caltrain Station,2
Park at Olive - Mountain View Caltrain Station,2
Cowper at University - Mountain View Caltrain Station,2
California Ave Caltrain Station - Mountain View Caltrain Station,2
San Salvador at 1st - Santa Clara County Civic Center,2
SJSU - San Salvador at 9th - Santa Clara County Civic Center,2
San Antonio Shopping Center - Castro Street and El Camino Real,2
San Antonio Caltrain Station - Castro Street and El Camino Real,2
Charleston Park/ North Bayshore Area - Castro Street and El Camino Real,2
5th S at E. San Salvador St - San Jose Diridon Caltrain Station,2
Santa Clara County Civic Center - San Jose Diridon Caltrain Station,2
Mountain View City Hall - Charleston Park/ North Bayshore Area,2
Cyril Magnin St at Ellis St - San Francisco Caltrain (Townsend at 4th),2
Redwood City Caltrain Station - San Francisco Caltrain (Townsend at 4th),2
Adobe on Almaden - Japantown,1
SJSU 4th at San Carlos - Japantown,1
Arena Green / SAP Center - Japantown,1
Franklin at Maple - Mezes Park,1
Santa Clara County Civic Center - MLK Library,1
MLK Library - Ryland Park,1
Adobe on Almaden - Ryland Park,1
San Jose City Hall - Ryland Park,1
San Salvador at 1st - Ryland Park,1
5th St at Folsom St - 2nd at Folsom,1
5th St at Folsom St - 5th at Howard,1
Post at Kearney - Market at 4th,1
San Mateo County Center - Park at Olive,1
Middlefield Light Rail Station - Park at Olive,1
San Jose Civic Center - St James Park,1
5th St at Folsom St - Market at 10th,1
5th St at Folsom St - 2nd at Townsend,1
Washington at Kearney - 2nd at Townsend,1
Redwood City Public Library - Kaiser Hospital,1
Market at Sansome - Post at Kearney,1
Cyril Magnin St at Ellis St - Townsend at 7th,1
San Pedro Square - Adobe on Almaden,1
San Jose Government Center - Adobe on Almaden,1
Franklin at Maple - Broadway at Main,1
Santa Clara County Civic Center - San Pedro Square,1
Sequoia Hospital - Sequoia Hospital,1
Franklin at Maple - Franklin at Maple,1
Redwood City Public Library - Franklin at Maple,1
California Ave Caltrain Station - Market at Sansome,1
Post at Kearney - Powell Street BART,1
5th St at Folsom St - Powell Street BART,1
Cyril Magnin St at Ellis St - Powell Street BART,1
San Jose Government Center - San Jose City Hall,1
Market at 10th - 5th St at Folsom St,1
Townsend at 7th - 5th St at Folsom St,1
South Van Ness at Market - 5th St at Folsom St,1
Mechanics Plaza (Market at Battery) - 5th St at Folsom St,1
Embarcadero at Folsom - Golden Gate at Polk,1
Market at 10th - San Salvador at 1st,1
Stanford in Redwood City - Cowper at University,1
Redwood City Public Library - Cowper at University,1
San Antonio Shopping Center - Cowper at University,1
Cowper at University - Evelyn Park and Ride,1
Palo Alto Caltrain Station - Evelyn Park and Ride,1
San Antonio Shopping Center - Evelyn Park and Ride,1
San Jose Government Center - Paseo de San Antonio,1
Santa Clara County Civic Center - Paseo de San Antonio,1
Beale at Market - San Jose Civic Center,1
2nd at Townsend - Washington at Kearney,1
Townsend at 7th - Washington at Kearney,1
Golden Gate at Polk - Washington at Kearney,1
Embarcadero at Vallejo - Washington at Kearney,1
Cyril Magnin St at Ellis St - Embarcadero at Sansome,1
Washington at Kearney - Embarcadero at Vallejo,1
Japantown - SJSU 4th at San Carlos,1
SJSU - San Salvador at 9th - Santa Clara at Almaden,1
Santa Clara County Civic Center - Santa Clara at Almaden,1
Redwood City Public Library - University and Emerson,1
Mountain View Caltrain Station - University and Emerson,1
Rengstorff Avenue / California Street - University and Emerson,1
Cowper at University - Mountain View City Hall,1
Middlefield Light Rail Station - Mountain View City Hall,1
Charleston Park/ North Bayshore Area - Mountain View City Hall,1
Mezes - San Mateo County Center,1
Broadway at Main - San Mateo County Center,1
Ryland Park - S. Market St at Park Ave,1
San Jose City Hall - S. Market St at Park Ave,1
San Salvador at 1st - S. Market St at Park Ave,1
Paseo de San Antonio - S. Market St at Park Ave,1
Washington at Kearney - South Van Ness at Market,1
Franklin at Maple - Stanford in Redwood City,1
Cowper at University - Stanford in Redwood City,1
S. Market St at Park Ave - Stanford in Redwood City,1
Post at Kearney - Broadway St at Battery St,1
Ryland Park - SJSU - San Salvador at 9th,1
Adobe on Almaden - SJSU - San Salvador at 9th,1
Arena Green / SAP Center - SJSU - San Salvador at 9th,1
Santa Clara County Civic Center - SJSU - San Salvador at 9th,1
Japantown - San Jose Government Center,1
MLK Library - San Jose Government Center,1
5th S at E. San Salvador St - 5th S at E. San Salvador St,1
San Jose Diridon Caltrain Station - 5th S at E. San Salvador St,1
Spear at Folsom - Cyril Magnin St at Ellis St,1
Embarcadero at Vallejo - Cyril Magnin St at Ellis St,1
Commercial at Montgomery - Cyril Magnin St at Ellis St,1
San Francisco Caltrain (Townsend at 4th) - Cyril Magnin St at Ellis St,1
Stanford in Redwood City - Redwood City Medical Center,1
Mezes - Redwood City Public Library,1
Mezes Park - Redwood City Public Library,1
Sequoia Hospital - Redwood City Public Library,1
Palo Alto Caltrain Station - Redwood City Public Library,1
Palo Alto Caltrain Station - San Antonio Shopping Center,1
Cowper at University - San Antonio Caltrain Station,1
Evelyn Park and Ride - San Antonio Caltrain Station,1
Palo Alto Caltrain Station - Redwood City Caltrain Station,1
Mountain View City Hall - Middlefield Light Rail Station,1
Mountain View City Hall - California Ave Caltrain Station,1
Stanford in Redwood City - California Ave Caltrain Station,1
San Jose City Hall - Santa Clara County Civic Center,1
Santa Clara at Almaden - Santa Clara County Civic Center,1
San Jose Civic Center - Civic Center BART (7th at Market),1
Washington at Kearney - Civic Center BART (7th at Market),1
Redwood City Caltrain Station - Civic Center BART (7th at Market),1
S. Market St at Park Ave - San Jose Diridon Caltrain Station,1
5th St at E. San Salvador St - San Jose Diridon Caltrain Station,1
University and Emerson - Charleston Park/ North Bayshore Area,1
California Ave Caltrain Station - Charleston Park/ North Bayshore Area,1
5th St at Folsom St - Harry Bridges Plaza (Ferry Building),1
Park at Olive - Rengstorff Avenue / California Street,1
Cowper at University - Rengstorff Avenue / California Street,1
Evelyn Park and Ride - Rengstorff Avenue / California Street,1
California Ave Caltrain Station - Rengstorff Avenue / California Street,1
San Jose Diridon Caltrain Station - Rengstorff Avenue / California Street,1
Cyril Magnin St at Ellis St - San Francisco Caltrain 2 (330 Townsend),1
Park at Olive - San Francisco Caltrain (Townsend at 4th),1
Mountain View Caltrain Station - San Francisco Caltrain (Townsend at 4th),1
Post at Kearney - Temporary Transbay Terminal (Howard at Beale),1
